,year,water,disaster,province,amphur,tambon,maintenance,price,breed,produce
0,2558,1,0,32.0,10.0,8.0,600.0,13.0,101.0,390.0
1,2558,0,0,32.0,10.0,7.0,500.0,13.0,101.0,400.0
2,2558,4,0,19.0,10.0,11.0,650.0,6.5,101.0,800.0
3,2558,0,0,32.0,10.0,10.0,400.0,13.0,101.0,400.0
4,2558,11,0,32.0,10.0,12.0,550.0,13.0,101.0,400.0
5,2559,150,0,49.0,4.0,5.0,700.0,16.0,101.0,450.0
6,2559,7,145,36.0,3.0,9.0,1300.0,17.0,101.0,500.0
7,2559,259,97,52.0,11.0,3.0,558.0,12.0,101.0,650.0
8,2559,24,85,30.0,13.0,6.0,1600.0,16.8,101.0,460.0
9,2559,64,52,36.0,7.0,6.0,550.0,12.0,101.0,460.0
10,2559,312,14,32.0,9.0,9.0,1200.0,14.0,101.0,400.0
11,2559,449,8,32.0,9.0,3.0,1200.0,14.0,101.0,380.0
12,2559,170,0,32.0,9.0,10.0,1300.0,14.0,101.0,350.0
13,2559,135,0,25.0,2.0,9.0,360.0,15.0,101.0,440.0
14,2559,23,214,42.0,1.0,10.0,1320.0,15.0,101.0,380.0
15,2559,131,44,32.0,2.0,2.0,630.0,15.0,101.0,450.0
16,2559,172,0,41.0,4.0,9.0,372.0,11.0,101.0,410.0
17,2559,63,27,55.0,6.0,2.0,600.0,13.5,101.0,780.0
18,2559,36,0,25.0,9.0,1.0,860.0,6.5,101.0,700.0
19,2559,138,0,31.0,1.0,5.0,740.0,60.0,101.0,400.0
20,2559,51,35,31.0,1.0,3.0,1070.0,16.0,101.0,400.0
21,2559,50,0,31.0,1.0,5.0,740.0,15.0,101.0,400.0
22,2559,58,0,31.0,1.0,5.0,740.0,15.0,101.0,400.0
23,2559,101,0,19.0,10.0,11.0,850.0,6.5,101.0,750.0
24,2559,31,0,32.0,17.0,5.0,900.0,17.0,101.0,440.0
25,2559,309,0,32.0,17.0,3.0,650.0,17.0,101.0,460.0
26,2559,80,0,32.0,17.0,4.0,650.0,17.0,101.0,450.0
27,2559,43,0,32.0,17.0,2.0,800.0,17.0,101.0,440.0
28,2559,51,1,32.0,2.0,7.0,1050.0,60.0,101.0,450.0
29,2559,70,0,32.0,17.0,1.0,650.0,17.0,101.0,440.0
30,2559,115,0,32.0,12.0,5.0,950.0,13.0,101.0,390.0
31,2559,7,0,32.0,10.0,11.0,400.0,16.0,101.0,390.0
32,2559,72,0,32.0,10.0,2.0,700.0,15.0,101.0,420.0
33,2559,6,0,32.0,10.0,1.0,500.0,17.0,101.0,390.0
34,2559,14,0,32.0,10.0,1.0,700.0,17.0,101.0,390.0
35,2559,4,0,32.0,10.0,13.0,800.0,15.0,101.0,390.0
36,2559,10,0,32.0,10.0,17.0,650.0,13.0,101.0,420.0
37,2559,32,0,32.0,10.0,15.0,600.0,15.0,101.0,420.0
38,2559,3,0,32.0,10.0,10.0,700.0,15.0,101.0,380.0
39,2559,21,0,44.0,9.0,14.0,2200.0,12.0,101.0,350.0
40,2559,23,0,44.0,9.0,14.0,1650.0,12.0,101.0,350.0
41,2559,24,0,32.0,10.0,2.0,800.0,20.0,101.0,420.0
42,2559,3,0,44.0,9.0,3.0,1150.0,12.0,101.0,380.0
43,2559,28,0,32.0,10.0,9.0,700.0,15.0,101.0,400.0
44,2559,2,0,32.0,10.0,9.0,700.0,16.0,101.0,450.0
45,2559,19,0,32.0,10.0,9.0,800.0,15.0,101.0,450.0
46,2559,25,0,32.0,10.0,9.0,800.0,18.0,101.0,420.0
47,2559,6,0,32.0,10.0,10.0,1000.0,17.0,101.0,420.0
48,2559,0,0,32.0,10.0,10.0,800.0,18.0,101.0,440.0
49,2559,19,0,32.0,10.0,8.0,550.0,14.0,101.0,390.0
50,2559,19,0,32.0,10.0,8.0,650.0,17.0,101.0,390.0
51,2559,6,0,32.0,10.0,1.0,550.0,18.0,101.0,390.0
52,2559,8,0,32.0,10.0,2.0,800.0,15.0,101.0,430.0
53,2560,79,62,34.0,1.0,5.0,393.46,14.25,101.0,360.0
54,2560,28,47,42.0,1.0,10.0,1250.0,15.0,101.0,400.0
55,2560,52,19,55.0,6.0,2.0,600.0,13.5,101.0,780.0
56,2560,121,153,33.0,5.0,5.0,1900.0,13.0,101.0,425.0
57,2560,104,2,33.0,3.0,14.0,820.0,14.0,101.0,480.0
58,2560,61,25,33.0,19.0,5.0,1500.0,14.0,101.0,450.0
59,2560,40,68,36.0,7.0,3.0,400.0,12.0,101.0,420.0
60,2560,48,4,57.0,7.0,12.0,406.0,7.0,101.0,670.0
61,2560,17,0,55.0,14.0,7.0,350.0,25.0,101.0,700.0
62,2560,20,14,55.0,7.0,16.0,705.0,7.0,101.0,750.0
63,2560,6,34,61.0,1.0,1.0,500.0,8.5,101.0,900.0
64,2560,58,45,86.0,1.0,8.0,1500.0,17.0,101.0,550.0
65,2560,195,27,94.0,9.0,1.0,1000.0,8.0,101.0,380.0
66,2560,13,17,94.0,1.0,9.0,685.0,10.0,101.0,450.0
67,2560,7,47,36.0,7.0,7.0,400.0,12.0,101.0,400.0
68,2560,15,29,36.0,7.0,1.0,450.0,12.0,101.0,450.0
69,2560,21,0,30.0,14.0,9.0,650.0,10.0,101.0,900.0
70,2560,60,0,30.0,1.0,14.0,650.0,13.0,101.0,425.0
71,2560,26,12,30.0,29.0,4.0,712.0,18.0,101.0,400.0
72,2560,113,0,30.0,1.0,6.0,600.0,12.0,101.0,430.0
73,2560,15,0,36.0,5.0,4.0,720.0,19.0,101.0,450.0
74,2560,14,0,36.0,5.0,2.0,0.0,19.0,101.0,450.0
75,2560,43,0,36.0,5.0,7.0,200.0,19.0,101.0,450.0
76,2560,58,64,30.0,13.0,14.0,120.0,26.0,101.0,460.0
77,2560,12,0,40.0,9.0,5.0,600.0,11.0,101.0,450.0
78,2560,36,0,40.0,9.0,5.0,1400.0,12.0,101.0,450.0
79,2560,5,14,65.0,5.0,5.0,600.0,8.0,101.0,800.0
80,2560,120,0,55.0,5.0,3.0,720.0,14.0,101.0,740.0
81,2560,3,33,64.0,9.0,1.0,511.0,14.0,101.0,800.0
82,2560,143,114,36.0,3.0,1.0,1300.0,17.0,101.0,500.0
83,2560,369,156,32.0,7.0,5.0,552.0,13.5,101.0,380.0
84,2560,59,37,32.0,7.0,4.0,700.0,14.0,101.0,450.0
85,2560,13,6,32.0,2.0,3.0,1150.0,12.0,101.0,450.0
86,2560,55,0,30.0,15.0,8.0,600.0,16.0,101.0,400.0
87,2560,30,39,41.0,22.0,1.0,1280.0,15.0,101.0,405.0
88,2560,35,33,36.0,11.0,2.0,1300.0,17.0,101.0,450.0
89,2560,739,0,32.0,9.0,6.0,1000.0,14.0,101.0,456.0
90,2560,328,40,32.0,9.0,3.0,1350.0,14.0,101.0,456.0
91,2560,146,3,32.0,9.0,8.0,1350.0,14.0,101.0,400.0
92,2560,230,0,32.0,9.0,4.0,1400.0,14.0,101.0,460.0
93,2560,40,0,32.0,9.0,11.0,1000.0,14.0,101.0,456.0
94,2560,101,0,32.0,9.0,11.0,1150.0,14.0,101.0,456.0
95,2560,42,0,32.0,9.0,15.0,1350.0,14.0,101.0,460.0
96,2560,45,0,32.0,9.0,1.0,1150.0,14.0,101.0,456.0
97,2560,1,18,61.0,4.0,2.0,850.0,7.2,101.0,850.0
98,2560,90,0,32.0,10.0,13.0,700.0,15.0,101.0,420.0
99,2560,21,20,44.0,9.0,11.0,2000.0,12.0,101.0,380.0
100,2560,30,18,44.0,9.0,2.0,1300.0,12.0,101.0,380.0
101,2560,5,24,44.0,9.0,8.0,1250.0,12.0,101.0,350.0
102,2560,24,22,44.0,9.0,8.0,1650.0,12.0,101.0,360.0
103,2560,31,28,44.0,9.0,4.0,1780.0,11.0,101.0,400.0
104,2560,22,20,44.0,9.0,11.0,1150.0,11.0,101.0,380.0
105,2560,6,1,30.0,14.0,2.0,600.0,10.0,101.0,850.0
106,2561,1,0,14.0,11.0,7.0,800.0,6.5,101.0,850.0
107,2561,0,0,14.0,3.0,1.0,420.0,8.5,101.0,900.0
108,2561,159,0,19.0,3.0,9.0,620.0,7.0,101.0,700.0
109,2561,1,0,12.0,5.0,5.0,552.0,7.0,101.0,800.0
110,2561,76,2,48.0,5.0,7.0,0.0,20.0,101.0,500.0
111,2561,33,0,38.0,2.0,3.0,1200.0,9.0,101.0,310.0
112,2561,74,16,47.0,5.0,4.0,550.0,10.0,101.0,532.0
113,2561,67,0,39.0,4.0,2.0,420.0,11.0,101.0,450.0
114,2561,38,0,30.0,15.0,4.0,650.0,14.0,101.0,460.0
115,2561,157,0,56.0,2.0,2.0,200.0,13.0,101.0,600.0
116,2561,30,0,34.0,29.0,1.0,1000.0,16.0,101.0,401.0
117,2561,11,0,64.0,7.0,12.0,1200.0,8.0,101.0,900.0
118,2561,35,2,53.0,7.0,7.0,598.0,8.0,101.0,900.0
119,2561,179,9,25.0,2.0,12.0,2000.0,11.0,101.0,400.0
120,2561,78,0,40.0,4.0,6.0,1150.0,15.0,101.0,460.0
121,2561,2,0,15.0,2.0,4.0,500.0,9.0,101.0,900.0
122,2561,24,0,15.0,1.0,3.0,600.0,8.5,101.0,850.0
123,2561,50,0,72.0,10.0,3.0,660.0,8.5,101.0,950.0
124,2561,54,9,39.0,1.0,4.0,625.0,12.0,101.0,400.0
125,2561,77,0,39.0,2.0,6.0,625.0,12.0,101.0,420.0
126,2561,48,0,72.0,2.0,2.0,420.0,8.0,101.0,900.0
127,2561,139,0,40.0,18.0,7.0,50.0,70.0,101.0,500.0
128,2561,0,0,54.0,4.0,9.0,470.0,17.0,101.0,750.0
129,2561,31,0,39.0,2.0,7.0,620.0,13.0,101.0,420.0
130,2561,2,0,14.0,15.0,5.0,575.0,7.5,101.0,891.0
131,2561,259,0,45.0,1.0,25.0,2350.0,12.0,101.0,450.0
132,2561,33,8,64.0,1.0,10.0,200.0,6.5,101.0,700.0
133,2561,197,0,45.0,1.0,17.0,2300.0,12.0,101.0,420.0
134,2561,71,36,93.0,5.0,8.0,950.0,15.0,101.0,340.0
135,2561,12,0,51.0,7.0,1.0,700.0,11.0,101.0,750.0
136,2561,67,0,46.0,6.0,3.0,400.0,14.0,101.0,450.0
137,2561,73,0,34.0,1.0,5.0,393.46,14.25,101.0,360.0
138,2561,28,0,51.0,6.0,2.0,650.0,11.0,101.0,740.0
139,2561,29,0,46.0,13.0,4.0,700.0,14.0,101.0,400.0
140,2561,71,0,38.0,7.0,5.0,850.0,9.0,101.0,315.0
141,2561,67,70,76.0,6.0,6.0,1000.0,10.08,101.0,800.0
142,2561,35,0,36.0,12.0,3.0,650.0,13.0,101.0,515.0
143,2561,136,42,90.0,2.0,8.0,271.0,7.7,101.0,528.0
144,2561,155,0,41.0,24.0,3.0,460.0,12.0,101.0,480.0
145,2561,67,0,33.0,10.0,25.0,1150.0,13.0,101.0,550.0
146,2561,38,0,30.0,7.0,7.0,600.0,14.0,101.0,450.0
147,2561,29,0,34.0,14.0,7.0,705.0,18.0,101.0,412.0
148,2561,25,158,38.0,1.0,4.0,4500.0,8.0,101.0,370.0
149,2561,4,0,30.0,15.0,10.0,600.0,14.0,101.0,450.0
150,2561,19,0,34.0,7.0,15.0,600.0,15.5,101.0,400.0
151,2561,26,0,34.0,4.0,2.0,1100.0,18.0,101.0,600.0
152,2561,50,0,46.0,16.0,4.0,1750.0,16.0,101.0,450.0
153,2561,10,0,56.0,7.0,4.0,3000.0,25.0,101.0,700.0
154,2561,68,7,30.0,18.0,8.0,650.0,14.0,101.0,450.0
155,2561,100,2,92.0,8.0,6.0,300.0,30.0,101.0,430.0
156,2561,181,0,25.0,2.0,9.0,360.0,15.0,101.0,440.0
157,2561,33,0,42.0,1.0,10.0,1100.0,15.0,101.0,430.0
158,2561,73,0,37.0,3.0,5.0,1400.0,18.0,101.0,420.0
159,2561,36,0,30.0,10.0,6.0,750.0,14.0,101.0,450.0
160,2561,56,2,46.0,4.0,1.0,250.0,10.0,101.0,450.0
161,2561,14,0,53.0,7.0,5.0,568.0,8.0,101.0,820.0
162,2561,68,22,30.0,29.0,1.0,650.0,14.0,101.0,450.0
163,2561,320,3,30.0,17.0,2.0,700.0,14.0,101.0,450.0
164,2561,136,0,32.0,4.0,5.0,440.0,18.0,101.0,400.0
165,2561,21,0,32.0,15.0,2.0,500.0,23.0,101.0,650.0
166,2561,125,0,32.0,15.0,3.0,450.0,20.0,101.0,400.0
167,2561,147,0,30.0,6.0,3.0,580.0,14.0,101.0,450.0
168,2561,48,0,30.0,32.0,1.0,650.0,14.0,101.0,450.0
169,2561,9,5,46.0,3.0,1.0,1100.0,14.0,101.0,620.0
170,2561,149,9,49.0,2.0,4.0,775.0,15.0,101.0,400.0
171,2561,113,0,41.0,4.0,9.0,372.0,11.0,101.0,410.0
172,2561,68,0,46.0,7.0,14.0,550.0,8.0,101.0,520.0
173,2561,2,5,46.0,7.0,10.0,1100.0,8.0,101.0,570.0
174,2561,97,136,30.0,30.0,3.0,700.0,14.0,101.0,450.0
175,2561,162,0,41.0,8.0,2.0,350.0,12.0,101.0,440.0
176,2561,89,0,30.0,15.0,2.0,600.0,14.0,101.0,450.0
177,2561,94,13,30.0,16.0,6.0,650.0,14.0,101.0,450.0
178,2561,47,26,30.0,31.0,4.0,900.0,14.0,101.0,450.0
179,2561,224,0,33.0,9.0,12.0,1000.0,20.0,101.0,515.0
180,2561,137,0,33.0,1.0,11.0,1950.0,13.0,101.0,500.0
181,2561,90,0,33.0,15.0,5.0,880.0,18.0,101.0,480.0
182,2561,161,0,33.0,1.0,24.0,1800.0,13.0,101.0,500.0
183,2561,88,0,33.0,1.0,6.0,1000.0,13.0,101.0,500.0
184,2561,375,0,33.0,1.0,22.0,1800.0,13.0,101.0,500.0
185,2561,52,52,94.0,2.0,14.0,780.0,25.0,101.0,420.0
186,2561,44,3,55.0,6.0,2.0,600.0,13.5,101.0,780.0
187,2561,62,0,64.0,8.0,4.0,790.0,6.2,101.0,950.0
188,2561,100,0,41.0,1.0,8.0,200.0,11.0,101.0,550.0
189,2561,28,0,41.0,3.0,2.0,830.0,10.0,101.0,485.0
190,2561,6,0,13.0,1.0,7.0,500.0,6.5,101.0,800.0
191,2561,215,0,16.0,3.0,6.0,400.0,14.0,101.0,550.0
192,2561,112,0,33.0,20.0,3.0,1500.0,15.0,101.0,420.0
193,2561,112,0,31.0,16.0,6.0,750.0,15.0,101.0,420.0
194,2561,74,0,33.0,1.0,11.0,1900.0,13.0,101.0,490.0
195,2561,251,0,56.0,2.0,5.0,1150.0,10.0,101.0,550.0
196,2561,137,2,37.0,4.0,2.0,250.0,15.0,101.0,400.0
197,2561,120,0,37.0,3.0,5.0,1700.0,17.5,101.0,430.0
198,2561,86,0,52.0,8.0,8.0,860.0,21.4,101.0,450.0
199,2561,312,0,33.0,14.0,7.0,600.0,10.0,101.0,420.0
200,2561,53,0,37.0,4.0,4.0,500.0,15.0,101.0,400.0
201,2561,11,0,33.0,8.0,9.0,850.0,15.0,101.0,540.0
202,2561,119,0,33.0,5.0,5.0,900.0,14.0,101.0,459.0
203,2561,1173,18,35.0,7.0,3.0,250.0,19.0,101.0,450.0
204,2561,0,0,12.0,5.0,7.0,750.0,7.0,101.0,800.0
205,2561,368,0,52.0,12.0,4.0,420.0,9.0,101.0,450.0
206,2561,65,0,56.0,9.0,3.0,465.0,12.0,101.0,550.0
207,2561,13,0,24.0,8.0,2.0,850.0,15.0,101.0,404.0
208,2561,83,0,17.0,1.0,3.0,560.0,8.5,101.0,920.0
209,2561,35,0,34.0,15.0,8.0,1000.0,10.0,101.0,448.0
210,2561,21,0,34.0,11.0,8.0,400.0,12.0,101.0,450.0
211,2561,104,0,34.0,12.0,1.0,945.0,16.0,101.0,360.0
212,2561,130,0,39.0,4.0,3.0,600.0,11.0,101.0,450.0
213,2561,123,0,52.0,9.0,1.0,250.0,15.0,101.0,800.0
214,2561,9,0,50.0,13.0,3.0,1000.0,8.0,101.0,720.0
215,2561,72,0,65.0,4.0,6.0,525.0,8.0,101.0,700.0
216,2561,12,125,48.0,5.0,4.0,700.0,11.0,101.0,450.0
217,2561,59,0,34.0,11.0,16.0,315.0,15.0,101.0,516.0
218,2561,6,0,25.0,6.0,5.0,620.0,8.7,101.0,800.0
219,2561,84,4,25.0,8.0,5.0,650.0,6.7,101.0,800.0
220,2561,190,1,35.0,4.0,1.0,450.0,14.0,101.0,350.0
221,2561,67,1,57.0,3.0,8.0,670.0,11.0,101.0,600.0
222,2561,4,0,30.0,23.0,1.0,600.0,16.5,101.0,395.0
223,2561,183,0,33.0,5.0,13.0,950.0,16.0,101.0,500.0
224,2561,126,0,33.0,5.0,2.0,900.0,16.0,101.0,500.0
225,2561,187,0,33.0,5.0,13.0,900.0,16.0,101.0,500.0
226,2561,61,0,33.0,1.0,23.0,2000.0,13.0,101.0,490.0
227,2561,22,0,33.0,18.0,2.0,1600.0,10.0,101.0,420.0
228,2561,263,0,33.0,3.0,20.0,820.0,14.0,101.0,480.0
229,2561,155,0,33.0,12.0,3.0,1600.0,12.0,101.0,400.0
230,2561,111,0,33.0,3.0,14.0,875.0,14.5,101.0,510.0
231,2561,146,0,33.0,16.0,1.0,700.0,15.0,101.0,485.0
232,2561,223,0,33.0,2.0,5.0,1000.0,15.0,101.0,500.0
233,2561,93,0,33.0,1.0,12.0,1900.0,13.0,101.0,500.0
234,2561,61,0,33.0,4.0,21.0,1250.0,14.0,101.0,650.0
235,2561,72,0,33.0,14.0,5.0,860.0,11.0,101.0,410.0
236,2561,69,0,33.0,15.0,3.0,880.0,18.0,101.0,480.0
237,2561,90,0,33.0,20.0,2.0,1500.0,25.0,101.0,420.0
238,2561,60,0,33.0,19.0,5.0,1100.0,14.5,101.0,460.0
239,2561,46,0,33.0,18.0,3.0,1500.0,10.0,101.0,420.0
240,2561,43,0,33.0,18.0,1.0,1600.0,12.0,101.0,430.0
241,2561,3,0,71.0,5.0,12.0,600.0,7.9,101.0,750.0
242,2561,53,4,47.0,8.0,4.0,850.0,10.0,101.0,454.0
243,2561,68,11,47.0,7.0,3.0,800.0,10.0,101.0,450.0
244,2561,65,17,47.0,17.0,1.0,650.0,10.0,101.0,450.0
245,2561,26,0,25.0,9.0,1.0,860.0,6.5,101.0,700.0
246,2561,4,0,25.0,6.0,4.0,620.0,8.7,101.0,800.0
247,2561,28,0,76.0,7.0,4.0,200.0,7.5,101.0,800.0
248,2561,19,6,76.0,7.0,1.0,300.0,7.5,101.0,800.0
249,2561,132,42,76.0,7.0,8.0,300.0,7.5,101.0,800.0
250,2561,62,0,39.0,3.0,1.0,500.0,11.0,101.0,400.0
251,2561,29,0,57.0,3.0,5.0,1238.0,11.3,101.0,585.0
252,2561,41,6,57.0,3.0,4.0,935.0,11.25,101.0,580.0
253,2561,211,0,57.0,3.0,3.0,1265.0,11.5,101.0,575.0
254,2561,34,0,57.0,7.0,12.0,202.0,15.0,101.0,800.0
255,2561,29,15,48.0,5.0,11.0,800.0,16.0,101.0,453.0
256,2561,31,19,48.0,5.0,2.0,1000.0,18.0,101.0,400.0
257,2561,9,8,48.0,5.0,8.0,750.0,20.0,101.0,400.0
258,2561,47,0,36.0,12.0,1.0,650.0,13.0,101.0,515.0
259,2561,76,0,37.0,3.0,7.0,400.0,18.0,101.0,350.0
260,2561,104,0,37.0,6.0,3.0,1200.0,14.0,101.0,400.0
261,2561,39,0,45.0,1.0,23.0,500.0,15.0,101.0,450.0
262,2561,8,0,55.0,14.0,7.0,350.0,23.0,101.0,750.0
263,2561,6,0,55.0,7.0,16.0,713.0,7.5,101.0,850.0
264,2561,16,2,61.0,2.0,6.0,565.0,6.8,101.0,800.0
265,2561,54,12,61.0,3.0,1.0,1140.0,6.8,101.0,800.0
266,2561,15,2,48.0,4.0,8.0,820.0,15.0,101.0,455.0
267,2561,41,0,48.0,4.0,3.0,500.0,15.0,101.0,465.0
268,2561,21,9,38.0,1.0,6.0,4500.0,8.0,101.0,380.0
269,2561,27,0,15.0,4.0,5.0,590.0,8.5,101.0,980.0
270,2561,31,65,94.0,12.0,1.0,850.0,35.0,101.0,520.0
271,2561,51,37,94.0,9.0,1.0,1000.0,10.0,101.0,400.0
272,2561,85,44,94.0,9.0,15.0,640.0,10.0,101.0,360.0
273,2561,8,32,94.0,1.0,9.0,885.0,10.0,101.0,500.0
274,2561,20,0,16.0,6.0,9.0,1300.0,7.5,101.0,850.0
275,2561,32,0,72.0,10.0,3.0,660.0,8.5,101.0,920.0
276,2561,56,0,40.0,19.0,2.0,440.0,15.0,101.0,350.0
277,2561,132,0,40.0,19.0,5.0,440.0,15.0,101.0,350.0
278,2561,134,0,40.0,3.0,5.0,800.0,15.0,101.0,400.0
279,2561,59,0,40.0,3.0,4.0,800.0,15.0,101.0,430.0
280,2561,34,0,53.0,8.0,7.0,680.0,6.5,101.0,750.0
281,2561,64,0,31.0,8.0,2.0,700.0,15.0,101.0,550.0
282,2561,35,0,31.0,16.0,2.0,1230.0,12.5,101.0,450.0
283,2561,56,0,31.0,16.0,5.0,524.0,15.0,101.0,450.0
284,2561,80,0,31.0,16.0,6.0,760.0,15.0,101.0,420.0
285,2561,111,11,31.0,3.0,5.0,200.0,18.0,101.0,355.0
286,2561,21,0,36.0,2.0,1.0,500.0,8.0,101.0,500.0
287,2561,42,0,31.0,16.0,6.0,650.0,15.0,101.0,430.0
288,2561,43,0,31.0,16.0,6.0,1020.0,15.0,101.0,420.0
289,2561,57,0,31.0,16.0,6.0,860.0,15.0,101.0,420.0
290,2561,0,0,31.0,16.0,4.0,350.0,17.0,101.0,420.0
291,2561,69,1,19.0,10.0,6.0,850.0,6.5,101.0,750.0
292,2561,30,0,19.0,10.0,10.0,850.0,6.5,101.0,750.0
293,2561,0,0,19.0,10.0,1.0,850.0,6.5,101.0,750.0
294,2561,42,0,19.0,10.0,12.0,800.0,6.5,101.0,750.0
295,2561,51,0,19.0,10.0,9.0,750.0,6.5,101.0,750.0
296,2561,16,1,26.0,1.0,8.0,1250.0,6.8,101.0,650.0
297,2561,40,4,30.0,18.0,8.0,650.0,14.0,101.0,450.0
298,2561,59,0,30.0,32.0,3.0,650.0,14.0,101.0,450.0
299,2561,10,4,30.0,17.0,17.0,48.0,12.0,101.0,500.0
300,2561,15,0,30.0,26.0,1.0,650.0,14.0,101.0,460.0
301,2561,89,0,30.0,9.0,2.0,650.0,14.0,101.0,450.0
302,2561,18,0,30.0,9.0,1.0,750.0,14.0,101.0,450.0
303,2561,21,0,30.0,9.0,8.0,700.0,14.0,101.0,450.0
304,2561,25,0,30.0,10.0,5.0,650.0,14.0,101.0,450.0
305,2561,58,0,30.0,10.0,14.0,700.0,14.0,101.0,450.0
306,2561,21,34,30.0,13.0,14.0,2300.0,16.8,101.0,450.0
307,2561,50,0,30.0,15.0,7.0,700.0,14.0,101.0,450.0
308,2561,101,0,30.0,15.0,5.0,650.0,14.0,101.0,450.0
309,2561,56,0,30.0,1.0,14.0,650.0,13.0,101.0,450.0
310,2561,51,74,30.0,31.0,3.0,700.0,14.0,101.0,450.0
311,2561,69,51,30.0,31.0,2.0,600.0,14.0,101.0,450.0
312,2561,145,141,30.0,31.0,1.0,700.0,14.0,101.0,450.0
313,2561,62,96,30.0,31.0,5.0,700.0,14.0,101.0,440.0
314,2561,26,4,30.0,18.0,6.0,650.0,14.0,101.0,450.0
315,2561,65,0,30.0,18.0,3.0,650.0,8.5,101.0,500.0
316,2561,28,5,30.0,18.0,9.0,750.0,14.0,101.0,450.0
317,2561,1,4,30.0,18.0,1.0,650.0,14.0,101.0,460.0
318,2561,0,9,30.0,18.0,4.0,700.0,14.0,101.0,480.0
319,2561,3,38,30.0,18.0,7.0,850.0,8.5,101.0,420.0
320,2561,3,5,30.0,18.0,2.0,650.0,14.0,101.0,450.0
321,2561,59,23,30.0,18.0,10.0,600.0,14.0,101.0,450.0
322,2561,31,0,30.0,3.0,3.0,700.0,14.0,101.0,450.0
323,2561,77,0,30.0,3.0,2.0,650.0,14.0,101.0,460.0
324,2561,90,0,30.0,22.0,1.0,650.0,14.0,101.0,480.0
325,2561,17,8,30.0,19.0,2.0,750.0,14.0,101.0,460.0
326,2561,84,9,30.0,19.0,4.0,650.0,14.0,101.0,450.0
327,2561,145,0,30.0,6.0,4.0,600.0,14.0,101.0,450.0
328,2561,32,0,30.0,32.0,2.0,650.0,14.0,101.0,450.0
329,2561,38,14,30.0,32.0,4.0,750.0,14.0,101.0,410.0
330,2561,102,3,30.0,17.0,1.0,700.0,14.0,101.0,480.0
331,2561,20,0,30.0,7.0,2.0,600.0,14.0,101.0,480.0
332,2561,27,0,30.0,7.0,9.0,600.0,14.0,101.0,480.0
333,2561,83,37,30.0,24.0,2.0,700.0,14.0,101.0,450.0
334,2561,88,0,30.0,9.0,3.0,800.0,14.0,101.0,450.0
335,2561,72,0,30.0,9.0,5.0,700.0,14.0,101.0,450.0
336,2561,24,0,30.0,10.0,10.0,750.0,14.0,101.0,450.0
337,2561,120,0,30.0,10.0,12.0,650.0,14.0,101.0,450.0
338,2561,123,0,30.0,10.0,3.0,650.0,14.0,101.0,450.0
339,2561,81,11,30.0,10.0,8.0,700.0,14.0,101.0,450.0
340,2561,82,1,30.0,10.0,13.0,650.0,14.0,101.0,450.0
341,2561,57,4,30.0,10.0,7.0,650.0,14.0,101.0,450.0
342,2561,36,6,30.0,14.0,2.0,600.0,11.0,101.0,450.0
343,2561,106,13,30.0,28.0,4.0,1700.0,16.0,101.0,350.0
344,2561,164,80,30.0,28.0,3.0,1700.0,16.0,101.0,350.0
345,2561,132,0,30.0,1.0,6.0,650.0,14.0,101.0,450.0
346,2561,37,0,30.0,25.0,4.0,750.0,14.0,101.0,450.0
347,2561,16,9,30.0,20.0,6.0,650.0,14.0,101.0,450.0
348,2561,48,7,30.0,20.0,12.0,800.0,14.0,101.0,450.0
349,2561,39,0,30.0,3.0,4.0,750.0,14.0,101.0,450.0
350,2561,12,0,30.0,3.0,6.0,600.0,14.0,101.0,480.0
351,2561,22,0,30.0,26.0,1.0,750.0,14.0,101.0,480.0
352,2561,62,0,30.0,9.0,7.0,650.0,14.0,101.0,450.0
353,2561,65,0,30.0,8.0,2.0,750.0,14.0,101.0,450.0
354,2561,82,2,30.0,8.0,8.0,800.0,14.0,101.0,450.0
355,2561,33,0,30.0,9.0,4.0,700.0,14.0,101.0,450.0
356,2561,43,0,30.0,22.0,9.0,650.0,14.0,101.0,450.0
357,2561,35,0,30.0,5.0,4.0,520.0,14.0,101.0,450.0
358,2561,12,0,30.0,23.0,1.0,600.0,16.5,101.0,395.0
359,2561,34,0,30.0,23.0,5.0,1100.0,13.0,101.0,450.0
360,2561,64,7,30.0,8.0,12.0,650.0,14.0,101.0,450.0
361,2561,73,1,30.0,8.0,13.0,650.0,14.0,101.0,450.0
362,2561,34,13,30.0,19.0,2.0,700.0,14.0,101.0,450.0
363,2561,3,0,53.0,7.0,7.0,290.0,8.0,101.0,900.0
364,2561,48,72,30.0,30.0,4.0,275.0,15.0,101.0,370.0
365,2561,41,0,30.0,15.0,7.0,650.0,14.0,101.0,450.0
366,2561,47,0,30.0,15.0,5.0,700.0,14.0,101.0,450.0
367,2561,35,0,30.0,9.0,4.0,750.0,14.0,101.0,450.0
368,2561,23,0,53.0,7.0,5.0,620.0,6.4,101.0,800.0
369,2561,15,0,53.0,7.0,9.0,1000.0,6.5,101.0,950.0
370,2561,23,0,30.0,9.0,4.0,650.0,14.0,101.0,450.0
371,2561,1,0,53.0,7.0,6.0,498.0,8.0,101.0,800.0
372,2561,3,0,53.0,7.0,3.0,600.0,6.8,101.0,800.0
373,2561,24,0,53.0,7.0,6.0,1250.0,8.0,101.0,800.0
374,2561,137,147,53.0,7.0,10.0,630.0,6.7,101.0,700.0
375,2561,168,5,53.0,7.0,4.0,800.0,8.5,101.0,850.0
376,2561,0,0,53.0,7.0,1.0,902.0,8.2,101.0,800.0
377,2561,49,2,30.0,13.0,17.0,2072.0,16.5,101.0,450.0
378,2561,31,12,30.0,13.0,8.0,1600.0,13.0,101.0,450.0
379,2561,99,123,30.0,13.0,7.0,2072.0,16.8,101.0,450.0
380,2561,36,111,30.0,13.0,9.0,2270.0,16.5,101.0,450.0
381,2561,46,2,30.0,27.0,4.0,750.0,11.0,101.0,450.0
382,2561,44,6,30.0,29.0,4.0,665.0,18.0,101.0,400.0
383,2561,20,9,40.0,23.0,1.0,450.0,12.0,101.0,400.0
384,2561,11,0,40.0,23.0,3.0,200.0,12.0,101.0,400.0
385,2561,67,16,30.0,31.0,2.0,700.0,14.0,101.0,450.0
386,2561,118,138,30.0,31.0,1.0,750.0,14.0,101.0,450.0
387,2561,64,26,30.0,18.0,9.0,650.0,14.0,101.0,450.0
388,2561,15,4,30.0,18.0,5.0,700.0,14.0,101.0,450.0
389,2561,41,13,30.0,18.0,7.0,650.0,14.0,101.0,450.0
390,2561,12,0,30.0,18.0,11.0,700.0,14.0,101.0,480.0
391,2561,3,0,65.0,7.0,2.0,925.0,9.0,101.0,700.0
392,2561,5,0,65.0,5.0,5.0,500.0,8.0,101.0,800.0
393,2561,56,0,52.0,3.0,1.0,550.0,15.0,101.0,630.0
394,2561,42,34,93.0,10.0,1.0,550.0,11.0,101.0,500.0
395,2561,12,20,93.0,9.0,1.0,700.0,8.0,101.0,415.0
396,2561,35,0,45.0,1.0,10.0,510.0,16.8,101.0,450.0
397,2561,22,0,48.0,4.0,1.0,650.0,13.0,101.0,420.0
398,2561,2,0,73.0,5.0,10.0,620.0,7.0,101.0,800.0
399,2561,20,111,95.0,1.0,2.0,720.0,25.0,101.0,500.0
400,2561,30,0,55.0,4.0,3.0,1830.0,13.0,101.0,708.0
401,2561,93,0,55.0,5.0,3.0,620.0,14.0,101.0,820.0
402,2561,14,0,55.0,1.0,4.0,600.0,19.0,101.0,650.0
403,2561,98,0,64.0,5.0,10.0,325.0,6.5,101.0,850.0
404,2561,72,0,64.0,5.0,10.0,550.0,6.5,101.0,850.0
405,2561,23,0,64.0,8.0,4.0,739.0,9.5,101.0,850.0
406,2561,47,0,40.0,3.0,3.0,800.0,15.0,101.0,420.0
407,2561,112,0,40.0,3.0,1.0,800.0,15.0,101.0,360.0
408,2561,93,0,30.0,10.0,5.0,750.0,14.0,101.0,450.0
409,2561,90,0,35.0,4.0,7.0,250.0,14.0,101.0,350.0
410,2561,104,1,32.0,1.0,12.0,600.0,17.0,101.0,480.0
411,2561,53,0,32.0,16.0,4.0,400.0,13.0,101.0,400.0
412,2561,73,0,32.0,3.0,4.0,704.0,24.0,101.0,390.0
413,2561,90,0,32.0,8.0,7.0,1100.0,15.0,101.0,420.0
414,2561,29,0,32.0,3.0,2.0,300.0,12.0,101.0,350.0
415,2561,92,0,32.0,8.0,3.0,1100.0,11.0,101.0,400.0
416,2561,4,0,32.0,4.0,2.0,1035.0,10.5,101.0,380.0
417,2561,72,0,32.0,8.0,6.0,1100.0,15.0,101.0,400.0
418,2561,44,0,32.0,4.0,7.0,600.0,14.0,101.0,350.0
419,2561,109,0,32.0,2.0,1.0,500.0,12.0,101.0,400.0
420,2561,27,0,32.0,4.0,8.0,600.0,14.0,101.0,350.0
421,2561,194,0,32.0,2.0,3.0,1440.0,11.0,101.0,450.0
422,2561,44,0,32.0,2.0,1.0,500.0,12.0,101.0,400.0
423,2561,35,0,32.0,4.0,2.0,1035.0,10.5,101.0,380.0
424,2561,2,0,32.0,4.0,2.0,915.0,10.5,101.0,380.0
425,2561,141,0,32.0,2.0,2.0,680.0,20.0,101.0,480.0
426,2561,15,0,32.0,2.0,1.0,1350.0,12.0,101.0,400.0
427,2561,72,0,32.0,2.0,1.0,1250.0,12.0,101.0,400.0
428,2561,62,0,32.0,2.0,2.0,630.0,20.0,101.0,480.0
429,2561,110,0,32.0,2.0,5.0,1250.0,12.0,101.0,400.0
430,2561,77,0,32.0,2.0,1.0,1250.0,11.0,101.0,400.0
431,2561,78,0,32.0,3.0,7.0,540.0,13.5,101.0,350.0
432,2561,9,1,38.0,1.0,5.0,4000.0,8.0,101.0,350.0
433,2561,22,0,38.0,7.0,2.0,800.0,9.0,101.0,312.0
434,2561,2,0,53.0,7.0,5.0,520.0,13.0,101.0,950.0
435,2561,21,0,46.0,3.0,10.0,950.0,15.0,101.0,635.0
436,2561,34,0,34.0,4.0,4.0,900.0,14.0,101.0,500.0
437,2561,25,0,18.0,3.0,2.0,450.0,9.0,101.0,671.0
438,2561,32,0,41.0,1.0,6.0,200.0,14.0,101.0,456.0
439,2561,47,0,41.0,1.0,6.0,200.0,14.0,101.0,456.0
440,2561,15,0,41.0,1.0,8.0,200.0,12.0,101.0,500.0
441,2561,35,0,41.0,2.0,2.0,180.0,12.0,101.0,600.0
442,2561,64,0,41.0,25.0,3.0,290.0,12.0,101.0,490.0
443,2561,40,0,41.0,25.0,3.0,290.0,12.0,101.0,490.0
444,2561,18,0,40.0,4.0,10.0,1200.0,15.0,101.0,460.0
445,2561,32,0,40.0,4.0,2.0,1200.0,18.0,101.0,450.0
446,2561,69,0,47.0,15.0,2.0,780.0,10.0,101.0,450.0
447,2561,15,0,47.0,4.0,5.0,780.0,10.0,101.0,425.0
448,2561,25,28,47.0,10.0,4.0,780.0,10.0,101.0,450.0
449,2561,3,0,47.0,1.0,2.0,600.0,10.0,101.0,450.0
450,2561,18,17,47.0,4.0,6.0,1000.0,19.0,101.0,450.0
451,2561,8,2,47.0,5.0,3.0,800.0,19.0,101.0,520.0
452,2561,0,5,47.0,4.0,6.0,900.0,10.0,101.0,500.0
453,2561,23,1,47.0,14.0,3.0,900.0,10.0,101.0,420.0
454,2561,18,0,47.0,14.0,1.0,800.0,10.0,101.0,400.0
455,2561,0,0,73.0,4.0,1.0,745.0,7.2,101.0,870.0
456,2561,18,5,47.0,8.0,1.0,700.0,10.0,101.0,400.0
457,2561,5,0,36.0,2.0,1.0,500.0,8.0,101.0,500.0
458,2561,12,0,36.0,2.0,2.0,500.0,8.0,101.0,500.0
459,2561,5,0,16.0,1.0,7.0,705.0,8.5,101.0,800.0
460,2561,11,0,32.0,8.0,1.0,1100.0,14.0,101.0,400.0
461,2561,16,0,56.0,5.0,2.0,1000.0,60.0,101.0,580.0
462,2561,31,0,56.0,2.0,1.0,630.0,11.0,101.0,550.0
463,2561,13,0,56.0,7.0,1.0,2500.0,25.0,101.0,700.0
464,2561,4,0,56.0,7.0,1.0,3500.0,10.0,101.0,700.0
465,2561,37,0,71.0,6.0,2.0,600.0,8.0,101.0,740.0
466,2561,5,0,46.0,6.0,2.0,300.0,13.0,101.0,420.0
467,2561,19,0,46.0,15.0,4.0,500.0,22.0,101.0,600.0
468,2561,2,0,46.0,7.0,4.0,315.0,13.0,101.0,470.0
469,2561,8,0,46.0,6.0,3.0,1600.0,14.0,101.0,460.0
470,2561,17,3,46.0,6.0,6.0,872.0,14.0,101.0,440.0
471,2561,21,0,46.0,13.0,3.0,1050.0,14.0,101.0,375.0
472,2561,11,10,46.0,17.0,4.0,920.0,13.0,101.0,400.0
473,2561,5,11,46.0,17.0,3.0,920.0,15.0,101.0,400.0
474,2561,3,0,62.0,2.0,1.0,470.0,6.0,101.0,800.0
475,2561,10,0,20.0,11.0,2.0,500.0,6.5,101.0,600.0
476,2561,26,2,57.0,3.0,2.0,826.0,11.5,101.0,565.0
477,2561,0,0,50.0,12.0,8.0,80.0,8.2,101.0,850.0
478,2561,10,0,50.0,12.0,1.0,245.0,8.2,101.0,850.0
479,2561,28,9,36.0,7.0,4.0,375.0,12.0,101.0,400.0
480,2561,4,9,36.0,7.0,2.0,425.0,12.0,101.0,400.0
481,2561,36,0,36.0,12.0,7.0,650.0,13.0,101.0,430.0
482,2561,21,0,36.0,12.0,1.0,650.0,13.0,101.0,430.0
483,2561,0,0,36.0,12.0,4.0,650.0,13.0,101.0,430.0
484,2561,29,0,36.0,12.0,2.0,650.0,13.0,101.0,430.0
485,2561,21,0,36.0,12.0,10.0,650.0,13.0,101.0,430.0
486,2561,101,0,36.0,3.0,9.0,1300.0,18.0,101.0,500.0
487,2561,33,0,36.0,3.0,6.0,1300.0,17.0,101.0,500.0
488,2561,41,0,36.0,3.0,4.0,1300.0,17.0,101.0,500.0
489,2561,39,0,36.0,6.0,13.0,500.0,15.0,101.0,450.0
490,2561,12,0,36.0,2.0,4.0,500.0,8.0,101.0,500.0
491,2561,44,0,36.0,3.0,7.0,1300.0,17.0,101.0,500.0
492,2561,75,0,92.0,8.0,4.0,300.0,30.0,101.0,470.0
493,2561,55,0,92.0,8.0,1.0,430.0,15.0,101.0,420.0
494,2561,2,3,48.0,5.0,5.0,1400.0,17.0,101.0,350.0
495,2561,10,0,55.0,9.0,4.0,1500.0,19.0,101.0,780.0
496,2561,92,0,55.0,8.0,3.0,775.0,20.0,101.0,880.0
497,2561,86,0,56.0,5.0,9.0,750.0,18.0,101.0,550.0
498,2561,40,0,66.0,8.0,4.0,400.0,6.2,101.0,900.0
499,2561,56,0,66.0,8.0,1.0,600.0,14.0,101.0,600.0
500,2561,24,0,65.0,5.0,1.0,700.0,10.0,101.0,700.0
501,2561,23,0,65.0,5.0,1.0,600.0,10.0,101.0,800.0
502,2561,41,0,65.0,5.0,1.0,600.0,8.0,101.0,700.0
503,2561,2,0,64.0,8.0,5.0,580.0,8.2,101.0,800.0
504,2561,3,0,64.0,4.0,11.0,750.0,7.5,101.0,600.0
505,2561,4,0,64.0,8.0,1.0,200.0,18.0,101.0,800.0
506,2561,10,0,64.0,5.0,5.0,150.0,6.8,101.0,600.0
507,2561,2,0,64.0,9.0,5.0,1550.0,6.5,101.0,600.0
508,2561,41,46,64.0,1.0,10.0,260.0,6.2,101.0,700.0
509,2561,32,29,64.0,1.0,10.0,150.0,6.5,101.0,700.0
510,2561,35,0,72.0,4.0,6.0,790.0,7.0,101.0,877.0
511,2561,6,1,43.0,5.0,7.0,405.0,16.0,101.0,562.0
512,2561,19,0,39.0,2.0,5.0,550.0,15.0,101.0,400.0
513,2561,15,0,39.0,3.0,8.0,850.0,10.0,101.0,350.0
514,2561,8,0,34.0,11.0,13.0,678.0,15.0,101.0,474.0
515,2561,7,0,34.0,11.0,13.0,678.0,15.0,101.0,474.0
516,2561,10,0,34.0,11.0,13.0,545.0,15.0,101.0,474.0
517,2561,27,0,34.0,3.0,3.0,700.0,10.0,101.0,400.0
518,2561,18,0,34.0,22.0,2.0,650.0,11.0,101.0,380.0
519,2561,49,0,34.0,15.0,16.0,1300.0,10.0,101.0,420.0
520,2561,20,0,34.0,14.0,4.0,704.6,16.1,101.0,390.0
521,2561,24,0,34.0,32.0,4.0,645.0,13.93,101.0,356.0
522,2561,20,0,34.0,9.0,4.0,2200.0,13.0,101.0,480.0
523,2561,9,0,34.0,1.0,4.0,393.46,14.25,101.0,360.0
524,2561,23,0,34.0,12.0,4.0,800.0,15.95,101.0,380.0
525,2561,11,0,34.0,4.0,3.0,715.0,19.0,101.0,430.0
526,2561,19,0,34.0,12.0,5.0,860.0,15.25,101.0,400.0
527,2561,18,0,34.0,26.0,3.0,500.0,16.0,101.0,500.0
528,2561,26,0,34.0,29.0,2.0,950.0,12.0,101.0,416.0
529,2561,9,0,34.0,29.0,3.0,1100.0,14.0,101.0,394.0
530,2561,12,0,34.0,29.0,1.0,1100.0,12.0,101.0,380.0
531,2561,23,0,34.0,11.0,13.0,545.0,15.0,101.0,474.0
532,2561,38,0,34.0,12.0,4.0,800.0,16.0,101.0,390.0
533,2561,5,0,34.0,21.0,1.0,1000.0,15.0,101.0,420.0
534,2561,136,63,95.0,6.0,9.0,800.0,25.0,101.0,450.0
535,2561,0,0,70.0,5.0,3.0,300.0,9.5,101.0,850.0
536,2561,1,0,70.0,5.0,5.0,312.0,9.5,101.0,800.0
537,2561,0,0,51.0,7.0,2.0,750.0,10.0,101.0,780.0
538,2561,78,0,33.0,8.0,6.0,300.0,14.0,101.0,480.0
539,2561,16,0,33.0,8.0,7.0,520.0,14.0,101.0,400.0
540,2561,14,0,33.0,8.0,10.0,520.0,16.0,101.0,410.0
541,2561,5,0,33.0,8.0,9.0,850.0,15.0,101.0,540.0
542,2561,26,0,33.0,13.0,4.0,1160.0,13.0,101.0,450.0
543,2561,100,30,90.0,14.0,4.0,550.0,15.0,101.0,700.0
544,2561,111,28,90.0,2.0,7.0,390.0,7.0,101.0,600.0
545,2561,135,0,32.0,15.0,3.0,297.0,15.0,101.0,400.0
546,2561,39,0,32.0,15.0,2.0,500.0,15.0,101.0,450.0
547,2561,29,0,32.0,15.0,4.0,1600.0,15.0,101.0,420.0
548,2561,46,0,32.0,15.0,4.0,400.0,16.0,101.0,400.0
549,2561,52,0,32.0,13.0,1.0,595.0,14.0,101.0,400.0
550,2561,97,0,32.0,6.0,1.0,1100.0,16.0,101.0,410.0
551,2561,77,0,32.0,6.0,10.0,700.0,16.0,101.0,406.0
552,2561,64,0,32.0,11.0,2.0,615.0,15.0,101.0,400.0
553,2561,59,0,32.0,6.0,1.0,700.0,16.0,101.0,390.0
554,2561,43,0,32.0,11.0,1.0,495.0,15.0,101.0,400.0
555,2561,42,29,34.0,4.0,17.0,1020.0,14.0,101.0,540.0
556,2561,4,0,34.0,11.0,13.0,850.0,15.0,101.0,474.0
557,2561,3,0,34.0,11.0,13.0,850.0,15.0,101.0,474.0
558,2561,54,0,34.0,11.0,3.0,500.0,12.0,101.0,390.0
559,2561,12,0,32.0,5.0,2.0,360.0,15.0,101.0,390.0
560,2561,5,0,27.0,4.0,1.0,400.0,15.0,101.0,700.0
561,2561,16,16,96.0,3.0,6.0,0.0,8.0,101.0,400.0
562,2561,0,5,44.0,9.0,7.0,1100.0,20.0,101.0,550.0
563,2561,14,6,44.0,9.0,12.0,400.0,23.0,101.0,500.0
564,2561,4,6,44.0,9.0,5.0,1350.0,20.0,101.0,550.0
565,2561,2,7,44.0,9.0,6.0,1400.0,20.0,101.0,550.0
566,2561,17,21,44.0,9.0,6.0,1400.0,20.0,101.0,500.0
567,2561,23,7,44.0,9.0,6.0,1300.0,20.0,101.0,550.0
568,2561,14,16,44.0,9.0,6.0,1400.0,20.0,101.0,520.0
569,2561,18,10,44.0,9.0,6.0,1400.0,20.0,101.0,550.0
570,2561,47,20,44.0,9.0,6.0,1400.0,20.0,101.0,500.0
571,2561,26,0,32.0,11.0,5.0,0.0,15.0,101.0,380.0
572,2561,17,0,34.0,21.0,1.0,1000.0,15.0,101.0,420.0
573,2561,17,0,54.0,5.0,2.0,800.0,11.0,101.0,800.0
574,2561,2,0,54.0,4.0,3.0,990.0,7.5,101.0,800.0
575,2561,0,0,54.0,8.0,1.0,1510.0,6.5,101.0,700.0
576,2561,1,0,54.0,8.0,3.0,1360.0,8.0,101.0,700.0
577,2561,0,0,54.0,8.0,2.0,650.0,7.5,101.0,750.0
578,2561,4,1,54.0,8.0,5.0,915.0,7.0,101.0,750.0
579,2561,14,0,54.0,8.0,4.0,890.0,7.5,101.0,750.0
580,2561,24,0,41.0,22.0,4.0,1280.0,15.0,101.0,400.0
581,2561,28,0,41.0,22.0,2.0,1240.0,15.0,101.0,385.0
582,2561,21,0,41.0,22.0,3.0,1280.0,15.0,101.0,370.0
583,2561,58,0,41.0,8.0,2.0,500.0,12.0,101.0,450.0
584,2561,21,0,41.0,8.0,1.0,350.0,12.0,101.0,450.0
585,2561,39,0,41.0,24.0,1.0,460.0,11.0,101.0,490.0
586,2561,43,0,41.0,24.0,2.0,460.0,12.0,101.0,495.0
587,2561,25,0,41.0,24.0,3.0,460.0,12.0,101.0,528.0
588,2561,41,0,41.0,23.0,2.0,580.0,14.0,101.0,400.0
589,2561,19,0,41.0,23.0,2.0,420.0,14.0,101.0,400.0
590,2561,44,0,41.0,23.0,1.0,480.0,14.0,101.0,400.0
591,2561,20,0,41.0,23.0,1.0,580.0,14.0,101.0,400.0
592,2561,22,0,41.0,3.0,2.0,710.0,15.0,101.0,462.0
593,2561,26,0,41.0,25.0,1.0,240.0,12.0,101.0,450.0
594,2561,20,0,41.0,2.0,4.0,169.0,22.0,101.0,600.0
595,2561,22,0,41.0,4.0,1.0,540.0,18.0,101.0,440.0
596,2561,42,0,41.0,4.0,15.0,1500.0,10.0,101.0,420.0
597,2561,47,0,41.0,4.0,11.0,540.0,18.0,101.0,410.0
598,2561,19,4,30.0,20.0,2.0,700.0,14.0,101.0,450.0
599,2561,4,0,71.0,5.0,12.0,600.0,8.0,101.0,780.0
600,2561,2,0,71.0,9.0,4.0,600.0,8.0,101.0,800.0
601,2561,1,0,71.0,9.0,1.0,600.0,8.0,101.0,780.0
602,2561,42,0,55.0,6.0,6.0,400.0,12.5,101.0,720.0
603,2561,32,0,37.0,1.0,16.0,520.0,19.0,101.0,400.0
604,2561,20,1,37.0,7.0,3.0,500.0,19.0,101.0,380.0
605,2561,20,0,54.0,7.0,1.0,500.0,7.0,101.0,800.0
606,2561,4,0,54.0,4.0,9.0,873.0,17.5,101.0,720.0
607,2561,13,0,53.0,7.0,8.0,550.0,8.0,101.0,800.0
608,2561,31,0,34.0,21.0,2.0,1000.0,15.0,101.0,420.0
609,2561,85,0,25.0,1.0,5.0,600.0,6.5,101.0,900.0
610,2561,18,0,34.0,14.0,3.0,571.0,16.0,101.0,420.0
611,2561,56,0,25.0,1.0,2.0,600.0,6.5,101.0,520.0
612,2561,44,0,25.0,7.0,2.0,260.0,70.0,101.0,400.0
613,2561,29,40,93.0,3.0,6.0,500.0,8.0,101.0,500.0
614,2561,65,105,93.0,8.0,2.0,665.0,8.0,101.0,400.0
615,2561,41,9,93.0,5.0,12.0,665.0,8.0,101.0,650.0
616,2561,91,26,93.0,5.0,1.0,700.0,13.8,101.0,500.0
617,2561,25,0,50.0,5.0,12.0,825.0,8.65,101.0,800.0
618,2561,80,24,93.0,10.0,4.0,680.0,8.5,101.0,475.0
619,2561,41,0,54.0,7.0,2.0,500.0,11.0,101.0,600.0
620,2561,34,2,35.0,9.0,2.0,860.0,15.0,101.0,450.0
621,2561,33,1,35.0,4.0,5.0,2300.0,14.0,101.0,400.0
622,2561,64,0,35.0,7.0,3.0,250.0,19.0,101.0,450.0
623,2561,26,0,32.0,9.0,7.0,1600.0,14.0,101.0,456.0
624,2561,32,0,32.0,5.0,11.0,1100.0,12.0,101.0,390.0
625,2561,48,0,32.0,5.0,11.0,1100.0,12.0,101.0,380.0
626,2561,36,0,32.0,9.0,8.0,1350.0,14.0,101.0,456.0
627,2561,62,0,32.0,7.0,4.0,500.0,14.0,101.0,450.0
628,2561,4,0,32.0,9.0,7.0,1300.0,14.0,101.0,400.0
629,2561,38,0,32.0,2.0,2.0,630.0,20.0,101.0,410.0
630,2561,23,0,32.0,2.0,3.0,750.0,11.0,101.0,450.0
631,2561,21,0,32.0,9.0,5.0,1300.0,14.0,101.0,400.0
632,2561,37,0,32.0,9.0,5.0,1200.0,14.0,101.0,400.0
633,2561,3,29,76.0,4.0,5.0,680.0,7.5,101.0,800.0
634,2561,0,0,37.0,3.0,4.0,1650.0,17.0,101.0,420.0
635,2561,1,0,46.0,3.0,4.0,1120.0,14.0,101.0,620.0
636,2561,97,0,19.0,4.0,6.0,300.0,6.8,101.0,620.0
637,2561,31,0,19.0,10.0,2.0,850.0,6.5,101.0,750.0
638,2561,5,0,48.0,5.0,5.0,500.0,18.0,101.0,400.0
639,2561,38,0,49.0,1.0,5.0,1357.0,14.0,101.0,500.0
640,2561,16,2,44.0,9.0,5.0,1100.0,25.0,101.0,500.0
641,2561,6,0,70.0,5.0,13.0,318.0,9.3,101.0,850.0
642,2561,30,0,46.0,12.0,8.0,750.0,14.0,101.0,400.0
643,2561,17,0,41.0,23.0,3.0,680.0,14.0,101.0,400.0
644,2561,20,0,33.0,1.0,11.0,1900.0,13.0,101.0,490.0
645,2561,44,0,33.0,1.0,19.0,2000.0,13.0,101.0,490.0
646,2561,8,0,33.0,1.0,21.0,2000.0,13.0,101.0,490.0
647,2561,20,0,33.0,1.0,22.0,1900.0,13.0,101.0,500.0
648,2561,26,0,33.0,1.0,3.0,2100.0,13.0,101.0,500.0
649,2561,31,0,33.0,1.0,4.0,2000.0,13.0,101.0,490.0
650,2561,66,0,33.0,1.0,7.0,1850.0,13.0,101.0,490.0
651,2561,22,0,33.0,16.0,8.0,700.0,15.0,101.0,542.0
652,2561,27,0,33.0,16.0,7.0,750.0,15.0,101.0,177.0
653,2561,30,0,33.0,16.0,3.0,450.0,13.25,101.0,279.0
654,2561,23,0,33.0,16.0,6.0,450.0,13.25,101.0,279.0
655,2561,27,0,33.0,16.0,4.0,500.0,15.0,101.0,190.0
656,2561,7,0,33.0,16.0,4.0,600.0,15.0,101.0,160.0
657,2561,40,0,33.0,16.0,1.0,700.0,15.0,101.0,179.0
658,2561,63,0,33.0,9.0,9.0,600.0,15.0,101.0,440.0
659,2561,26,0,33.0,2.0,3.0,1800.0,15.0,101.0,550.0
660,2561,5,0,33.0,2.0,7.0,1800.0,15.0,101.0,500.0
661,2561,3,0,33.0,2.0,6.0,1800.0,15.0,101.0,550.0
662,2561,8,0,33.0,4.0,9.0,80.0,15.0,101.0,500.0
663,2561,75,0,33.0,10.0,15.0,800.0,17.0,101.0,600.0
664,2561,6,0,33.0,10.0,4.0,500.0,17.0,101.0,450.0
665,2561,40,0,33.0,10.0,4.0,1500.0,17.0,101.0,470.0
666,2561,3,0,33.0,10.0,12.0,1050.0,17.0,101.0,440.0
667,2561,46,0,33.0,10.0,12.0,1500.0,17.0,101.0,470.0
668,2561,6,0,33.0,10.0,6.0,1500.0,17.0,101.0,470.0
669,2561,3,0,33.0,10.0,24.0,1300.0,17.0,101.0,600.0
670,2561,35,0,33.0,10.0,3.0,1650.0,17.0,101.0,480.0
671,2561,27,0,33.0,10.0,4.0,1500.0,17.0,101.0,470.0
672,2561,47,0,33.0,10.0,18.0,1500.0,17.0,101.0,470.0
673,2561,42,0,33.0,10.0,5.0,1000.0,17.0,101.0,460.0
674,2561,243,0,33.0,10.0,1.0,1500.0,17.0,101.0,470.0
675,2561,41,0,33.0,5.0,17.0,600.0,16.0,101.0,460.0
676,2561,45,0,33.0,5.0,17.0,1100.0,16.0,101.0,460.0
677,2561,42,0,33.0,5.0,17.0,1600.0,16.0,101.0,460.0
678,2561,65,0,33.0,5.0,25.0,1000.0,9.0,101.0,400.0
679,2561,20,0,33.0,3.0,3.0,575.0,14.5,101.0,428.0
680,2561,44,0,33.0,4.0,15.0,1250.0,13.0,101.0,580.0
681,2561,45,0,33.0,3.0,4.0,980.0,14.0,101.0,570.0
682,2561,68,0,33.0,20.0,1.0,2000.0,15.0,101.0,400.0
683,2561,70,0,32.0,5.0,11.0,1000.0,12.0,101.0,380.0
684,2561,0,0,30.0,3.0,4.0,900.0,14.0,101.0,450.0
685,2561,11,0,33.0,16.0,5.0,420.0,15.0,101.0,227.0
686,2561,22,0,44.0,2.0,4.0,600.0,14.0,101.0,400.0
687,2561,42,0,37.0,4.0,1.0,400.0,15.0,101.0,400.0
688,2561,17,0,33.0,8.0,10.0,520.0,14.0,101.0,400.0
689,2561,5,0,33.0,8.0,1.0,520.0,14.0,101.0,400.0
690,2561,32,0,33.0,8.0,11.0,520.0,14.0,101.0,400.0
691,2561,12,4,38.0,3.0,2.0,1150.0,9.0,101.0,315.0
692,2561,15,0,38.0,3.0,2.0,1150.0,9.0,101.0,315.0
693,2561,13,5,38.0,3.0,5.0,1150.0,9.0,101.0,315.0
694,2561,15,2,38.0,3.0,1.0,1300.0,9.0,101.0,315.0
695,2561,20,0,38.0,3.0,3.0,1300.0,9.0,101.0,310.0
696,2561,17,0,38.0,3.0,3.0,1300.0,9.0,101.0,323.0
697,2561,9,0,18.0,2.0,4.0,426.0,6.8,101.0,800.0
698,2561,64,0,33.0,20.0,2.0,1500.0,16.0,101.0,450.0
699,2561,127,0,33.0,14.0,6.0,600.0,10.0,101.0,410.0
700,2561,20,0,33.0,14.0,2.0,600.0,10.0,101.0,410.0
701,2561,35,0,19.0,3.0,14.0,550.0,7.0,101.0,809.0
702,2561,44,0,33.0,9.0,3.0,500.0,16.0,101.0,500.0
703,2561,38,0,33.0,15.0,3.0,880.0,18.0,101.0,480.0
704,2561,50,11,33.0,6.0,4.0,2800.0,11.0,101.0,380.0
705,2561,33,0,33.0,2.0,5.0,1800.0,15.0,101.0,550.0
706,2561,59,0,33.0,3.0,9.0,800.0,14.0,101.0,400.0
707,2561,30,1,33.0,10.0,10.0,1500.0,17.0,101.0,460.0
708,2561,20,0,33.0,10.0,10.0,1500.0,17.0,101.0,470.0
709,2561,104,1,33.0,10.0,7.0,1500.0,17.0,101.0,470.0
710,2561,29,0,33.0,10.0,16.0,1470.0,17.0,101.0,470.0
711,2561,57,0,46.0,16.0,3.0,1252.0,20.0,101.0,600.0
712,2561,73,0,19.0,3.0,1.0,550.0,7.0,101.0,830.0
713,2561,35,1,31.0,1.0,3.0,1070.0,12.0,101.0,400.0
714,2561,5,8,31.0,1.0,3.0,1070.0,12.0,101.0,400.0
715,2561,66,0,45.0,1.0,9.0,2350.0,12.0,101.0,400.0
716,2561,38,0,45.0,1.0,9.0,2375.0,12.0,101.0,400.0
717,2561,49,0,45.0,1.0,9.0,2350.0,12.0,101.0,400.0
718,2561,7,0,40.0,8.0,2.0,650.0,18.0,101.0,410.0
719,2561,100,3,35.0,7.0,2.0,0.0,35.0,101.0,350.0
720,2561,50,8,35.0,1.0,5.0,1144.0,14.0,101.0,400.0
721,2561,90,0,19.0,3.0,12.0,600.0,7.0,101.0,800.0
722,2561,47,0,19.0,3.0,7.0,600.0,7.5,101.0,800.0
723,2561,23,0,37.0,7.0,5.0,450.0,19.0,101.0,400.0
724,2561,38,0,37.0,7.0,2.0,500.0,19.0,101.0,400.0
725,2561,13,0,37.0,7.0,4.0,450.0,18.0,101.0,360.0
726,2561,10,0,37.0,7.0,4.0,450.0,18.0,101.0,400.0
727,2561,19,0,37.0,7.0,4.0,650.0,19.0,101.0,400.0
728,2561,20,0,37.0,7.0,3.0,500.0,19.0,101.0,400.0
729,2561,16,0,37.0,7.0,3.0,450.0,19.0,101.0,400.0
730,2561,13,0,37.0,7.0,3.0,350.0,18.0,101.0,380.0
731,2561,21,0,37.0,3.0,5.0,600.0,19.0,101.0,380.0
732,2561,20,0,37.0,3.0,5.0,400.0,19.0,101.0,380.0
733,2561,17,0,37.0,3.0,5.0,500.0,18.0,101.0,380.0
734,2561,19,0,37.0,3.0,5.0,500.0,19.0,101.0,380.0
735,2561,36,0,37.0,3.0,5.0,500.0,19.0,101.0,380.0
736,2561,30,0,37.0,3.0,5.0,500.0,18.0,101.0,380.0
737,2561,55,0,37.0,3.0,5.0,600.0,18.0,101.0,380.0
738,2561,41,0,37.0,3.0,5.0,450.0,18.0,101.0,380.0
739,2561,41,0,37.0,3.0,5.0,500.0,19.0,101.0,380.0
740,2561,53,0,37.0,3.0,5.0,800.0,19.0,101.0,380.0
741,2561,20,0,37.0,1.0,10.0,400.0,19.0,101.0,400.0
742,2561,35,0,37.0,1.0,16.0,700.0,19.0,101.0,400.0
743,2561,14,0,37.0,1.0,6.0,600.0,19.0,101.0,400.0
744,2561,2,0,37.0,1.0,11.0,600.0,18.0,101.0,360.0
745,2561,12,0,37.0,4.0,1.0,500.0,19.0,101.0,380.0
746,2561,20,0,37.0,4.0,3.0,500.0,19.0,101.0,380.0
747,2561,24,0,37.0,7.0,3.0,500.0,18.0,101.0,400.0
748,2561,38,0,37.0,7.0,3.0,650.0,19.0,101.0,400.0
749,2561,38,1,37.0,4.0,2.0,350.0,15.0,101.0,400.0
750,2561,0,0,64.0,7.0,4.0,1500.0,8.0,101.0,960.0
751,2561,10,0,39.0,5.0,4.0,6000.0,8.0,101.0,320.0
752,2561,29,0,53.0,1.0,6.0,530.0,8.5,101.0,850.0
753,2561,85,88,53.0,7.0,10.0,450.0,6.7,101.0,700.0
754,2561,123,0,53.0,1.0,5.0,385.0,10.0,101.0,950.0
755,2561,189,0,53.0,1.0,13.0,260.0,20.0,101.0,650.0
756,2561,71,0,45.0,1.0,8.0,800.0,17.0,101.0,450.0
757,2561,47,0,45.0,1.0,4.0,800.0,17.0,101.0,450.0
758,2561,15,0,45.0,1.0,23.0,800.0,17.0,101.0,450.0
759,2561,2,0,45.0,1.0,6.0,800.0,17.0,101.0,450.0
760,2561,39,0,65.0,4.0,7.0,550.0,8.0,101.0,800.0
761,2561,3,0,65.0,4.0,10.0,550.0,8.0,101.0,750.0
762,2561,19,0,19.0,10.0,7.0,950.0,6.5,101.0,700.0
763,2561,0,0,54.0,1.0,13.0,460.0,11.0,101.0,700.0
764,2561,54,0,54.0,1.0,2.0,860.0,8.0,101.0,800.0
765,2561,76,0,54.0,2.0,14.0,640.0,11.0,101.0,800.0
766,2561,4,0,54.0,4.0,10.0,650.0,8.0,101.0,800.0
767,2561,2,0,54.0,7.0,7.0,1175.0,11.0,101.0,700.0
768,2561,54,0,33.0,4.0,2.0,1450.0,15.0,101.0,500.0
769,2561,47,0,52.0,12.0,5.0,420.0,9.0,101.0,450.0
770,2561,0,0,33.0,18.0,1.0,1500.0,10.0,101.0,400.0
771,2561,3,0,33.0,18.0,1.0,1500.0,10.0,101.0,400.0
772,2561,67,0,33.0,20.0,3.0,700.0,20.0,101.0,500.0
773,2561,62,0,92.0,8.0,5.0,430.0,15.0,101.0,420.0
774,2561,21,0,56.0,2.0,7.0,1500.0,10.0,101.0,500.0
775,2561,32,0,56.0,2.0,6.0,950.0,12.0,101.0,550.0
776,2561,16,0,56.0,2.0,3.0,1090.0,10.0,101.0,550.0
777,2561,1,0,56.0,7.0,4.0,3000.0,38.0,101.0,600.0
778,2561,0,0,73.0,5.0,12.0,19100.0,68.0,101.0,800.0
779,2561,54,0,36.0,1.0,6.0,140.0,14.0,101.0,400.0
780,2561,17,0,36.0,2.0,6.0,500.0,8.0,101.0,500.0
781,2561,15,0,36.0,2.0,2.0,500.0,8.0,101.0,500.0
782,2561,22,0,36.0,2.0,2.0,500.0,8.0,101.0,500.0
783,2561,28,0,36.0,2.0,2.0,500.0,8.0,101.0,500.0
784,2561,11,0,36.0,2.0,2.0,500.0,8.0,101.0,500.0
785,2561,13,0,36.0,2.0,2.0,500.0,8.0,101.0,500.0
786,2561,23,0,36.0,2.0,1.0,500.0,8.0,101.0,500.0
787,2561,11,0,36.0,2.0,3.0,500.0,8.0,101.0,500.0
788,2561,6,0,36.0,2.0,3.0,500.0,8.0,101.0,500.0
789,2561,18,0,36.0,2.0,3.0,500.0,8.0,101.0,500.0
790,2561,3,0,36.0,2.0,3.0,500.0,8.0,101.0,500.0
791,2561,57,28,36.0,9.0,2.0,1800.0,50.0,101.0,470.0
792,2561,19,0,36.0,12.0,10.0,650.0,13.0,101.0,440.0
793,2561,7,0,36.0,12.0,4.0,650.0,13.0,101.0,440.0
794,2561,24,0,36.0,12.0,2.0,650.0,13.0,101.0,440.0
795,2561,11,0,36.0,12.0,6.0,650.0,13.0,101.0,440.0
796,2561,14,0,36.0,12.0,3.0,650.0,13.0,101.0,440.0
797,2561,9,0,24.0,5.0,10.0,480.0,12.4,101.0,850.0
798,2561,8,0,16.0,6.0,18.0,1100.0,7.75,101.0,850.0
799,2561,46,26,30.0,28.0,3.0,1800.0,16.0,101.0,350.0
800,2561,57,46,30.0,28.0,3.0,1800.0,16.0,101.0,350.0
801,2561,53,39,30.0,28.0,1.0,1800.0,16.0,101.0,370.0
802,2561,19,18,30.0,29.0,4.0,755.0,18.0,101.0,400.0
803,2561,33,0,30.0,6.0,10.0,750.0,14.0,101.0,460.0
804,2561,45,10,94.0,2.0,13.0,780.0,25.0,101.0,420.0
805,2561,7,0,30.0,32.0,2.0,250.0,14.0,101.0,410.0
806,2561,31,3,30.0,13.0,6.0,800.0,16.8,101.0,450.0
807,2561,31,20,30.0,13.0,10.0,960.0,13.0,101.0,400.0
808,2561,21,0,30.0,3.0,4.0,600.0,14.0,101.0,480.0
809,2561,50,57,30.0,30.0,1.0,270.0,16.0,101.0,370.0
810,2561,56,0,32.0,2.0,9.0,1250.0,11.0,101.0,500.0
811,2561,17,0,40.0,4.0,3.0,1200.0,14.0,101.0,450.0
812,2561,18,0,40.0,4.0,4.0,1350.0,15.0,101.0,460.0
813,2561,27,0,46.0,16.0,1.0,1750.0,16.0,101.0,450.0
814,2561,27,4,46.0,16.0,1.0,1500.0,50.0,101.0,420.0
815,2561,17,0,46.0,5.0,9.0,800.0,25.0,101.0,420.0
816,2561,49,0,33.0,20.0,5.0,1500.0,15.0,101.0,420.0
817,2561,22,0,33.0,4.0,14.0,1000.0,13.0,101.0,450.0
818,2561,16,0,34.0,11.0,13.0,678.0,15.0,101.0,474.0
819,2561,20,0,53.0,1.0,14.0,285.0,12.0,101.0,750.0
820,2561,3,0,70.0,8.0,9.0,755.0,7.0,101.0,800.0
821,2561,59,4,37.0,5.0,4.0,200.0,18.0,101.0,400.0
822,2561,87,0,37.0,3.0,5.0,550.0,17.0,101.0,320.0
823,2561,36,0,37.0,1.0,6.0,400.0,17.0,101.0,320.0
824,2561,1,0,37.0,1.0,14.0,600.0,18.0,101.0,320.0
825,2561,13,0,37.0,1.0,6.0,300.0,18.0,101.0,320.0
826,2561,42,0,37.0,5.0,6.0,300.0,16.0,101.0,400.0
827,2561,33,1,37.0,5.0,3.0,500.0,18.0,101.0,400.0
828,2561,3,0,37.0,1.0,17.0,550.0,17.0,101.0,320.0
829,2561,11,0,37.0,1.0,4.0,300.0,16.0,101.0,320.0
830,2561,29,0,37.0,1.0,3.0,550.0,17.0,101.0,320.0
831,2561,37,0,37.0,1.0,3.0,500.0,18.0,101.0,350.0
832,2561,31,0,37.0,5.0,6.0,300.0,18.0,101.0,320.0
833,2561,21,0,37.0,5.0,6.0,350.0,18.0,101.0,320.0
834,2561,37,2,34.0,30.0,2.0,500.0,15.0,101.0,420.0
835,2561,12,0,34.0,30.0,1.0,500.0,15.0,101.0,420.0
836,2561,19,13,34.0,30.0,1.0,500.0,15.0,101.0,420.0
837,2561,23,0,34.0,30.0,1.0,500.0,15.0,101.0,420.0
838,2561,31,0,34.0,30.0,1.0,500.0,15.0,101.0,420.0
839,2561,52,0,34.0,30.0,4.0,500.0,15.0,101.0,420.0
840,2561,20,0,34.0,30.0,3.0,500.0,15.0,101.0,420.0
841,2561,0,0,64.0,7.0,6.0,2220.0,8.0,101.0,800.0
842,2561,40,4,44.0,9.0,5.0,1400.0,20.0,101.0,500.0
843,2561,25,17,44.0,9.0,8.0,22.0,13.0,101.0,300.0
844,2561,9,0,44.0,9.0,14.0,568.0,12.0,101.0,390.0
845,2561,1,0,33.0,18.0,1.0,1500.0,10.0,101.0,420.0
846,2561,41,0,33.0,5.0,22.0,842.0,12.0,101.0,428.0
847,2561,57,12,33.0,5.0,11.0,943.0,12.0,101.0,480.0
848,2561,53,0,33.0,5.0,21.0,841.0,12.0,101.0,480.0
849,2561,14,0,33.0,5.0,8.0,961.0,13.0,101.0,450.0
850,2561,47,0,33.0,5.0,15.0,949.0,13.0,101.0,467.0
851,2561,22,0,33.0,5.0,5.0,1080.0,15.0,101.0,395.0
852,2561,32,0,33.0,5.0,17.0,929.0,14.0,101.0,456.0
853,2561,31,0,33.0,5.0,18.0,1053.0,13.0,101.0,465.0
854,2561,33,0,33.0,5.0,7.0,948.0,13.0,101.0,450.0
855,2561,69,0,33.0,9.0,1.0,1600.0,13.0,101.0,450.0
856,2561,86,0,33.0,9.0,3.0,500.0,16.0,101.0,500.0
857,2561,23,0,33.0,20.0,4.0,1500.0,15.0,101.0,420.0
858,2561,0,0,33.0,2.0,1.0,1800.0,15.0,101.0,470.0
859,2561,21,0,33.0,5.0,5.0,897.0,14.0,101.0,450.0
860,2561,50,0,33.0,12.0,3.0,200.0,15.0,101.0,450.0
861,2561,0,0,33.0,1.0,27.0,1850.0,13.0,101.0,490.0
862,2561,18,0,33.0,1.0,19.0,2000.0,13.0,101.0,490.0
863,2561,0,0,33.0,1.0,7.0,1850.0,13.0,101.0,490.0
864,2561,0,0,33.0,1.0,5.0,2200.0,13.0,101.0,490.0
865,2561,0,0,33.0,1.0,12.0,1800.0,13.0,101.0,500.0
866,2561,0,0,33.0,1.0,22.0,1800.0,13.0,101.0,500.0
867,2561,0,0,33.0,1.0,16.0,2800.0,14.0,101.0,500.0
868,2561,5,0,33.0,1.0,11.0,800.0,13.0,101.0,500.0
869,2561,20,3,35.0,8.0,2.0,200.0,16.0,101.0,370.0
870,2561,47,0,31.0,22.0,3.0,610.0,17.0,101.0,430.0
871,2562,118,0,91.0,5.0,1.0,500.0,10.0,101.0,525.0
872,2562,37,0,91.0,1.0,11.0,850.0,12.0,101.0,500.0
873,2562,12,0,58.0,1.0,4.0,750.0,14.0,101.0,625.0
874,2562,79,1,25.0,2.0,12.0,1000.0,11.0,101.0,400.0
875,2562,132,0,93.0,6.0,7.0,500.0,45.0,101.0,470.0
876,2562,0,4,54.0,4.0,9.0,470.0,15.0,101.0,800.0
877,2562,91,0,48.0,9.0,6.0,460.0,18.0,101.0,420.0
878,2562,18,0,51.0,6.0,2.0,620.0,13.0,101.0,760.0
879,2562,1,0,17.0,6.0,9.0,550.0,7.4,101.0,900.0
880,2562,2,0,17.0,6.0,2.0,800.0,9.0,101.0,900.0
881,2562,49,35,36.0,7.0,6.0,550.0,13.0,101.0,480.0
882,2562,24,8,67.0,1.0,12.0,250.0,6.5,101.0,900.0
883,2562,1,0,19.0,10.0,11.0,550.0,6.5,101.0,750.0
884,2562,172,0,25.0,2.0,9.0,450.0,17.0,101.0,450.0
885,2562,50,0,19.0,4.0,2.0,400.0,6.8,101.0,720.0
886,2562,101,0,33.0,17.0,4.0,500.0,13.0,101.0,420.0
887,2562,50,115,32.0,12.0,4.0,1250.0,13.0,101.0,400.0
888,2562,40,0,41.0,21.0,1.0,1125.0,21.0,101.0,450.0
889,2562,34,2,30.0,14.0,11.0,350.0,11.0,101.0,450.0
890,2562,1,0,18.0,4.0,1.0,612.5,7.0,101.0,900.0
891,2562,40,19,41.0,1.0,8.0,200.0,21.0,101.0,450.0
892,2562,35,0,41.0,11.0,6.0,532.0,12.0,101.0,500.0
893,2562,59,0,50.0,14.0,12.0,1600.0,11.0,101.0,816.0
894,2562,227,24,33.0,14.0,7.0,500.0,13.0,101.0,460.0
895,2562,115,0,33.0,5.0,5.0,800.0,14.0,101.0,385.0
896,2562,10,0,50.0,13.0,3.0,850.0,11.0,101.0,800.0
897,2562,27,3,33.0,5.0,13.0,950.0,16.0,101.0,500.0
898,2562,20,0,33.0,5.0,2.0,900.0,16.0,101.0,500.0
899,2562,62,2,33.0,5.0,13.0,900.0,16.0,101.0,500.0
900,2562,73,0,33.0,18.0,2.0,3400.0,12.0,101.0,440.0
901,2562,81,0,33.0,19.0,4.0,200.0,17.0,101.0,400.0
902,2562,40,0,33.0,16.0,1.0,690.0,13.0,101.0,470.0
903,2562,70,0,33.0,14.0,5.0,750.0,12.0,101.0,450.0
904,2562,63,0,33.0,15.0,3.0,1145.0,16.0,101.0,480.0
905,2562,54,0,33.0,19.0,5.0,1100.0,18.0,101.0,450.0
906,2562,49,0,33.0,18.0,3.0,3400.0,12.0,101.0,440.0
907,2562,41,0,33.0,18.0,1.0,3400.0,12.0,101.0,430.0
908,2562,24,50,36.0,7.0,3.0,380.0,13.0,101.0,480.0
909,2562,0,0,72.0,8.0,5.0,100.0,7.2,101.0,850.0
910,2562,5,0,55.0,14.0,7.0,350.0,25.0,101.0,900.0
911,2562,87,0,94.0,9.0,1.0,500.0,25.0,101.0,450.0
912,2562,109,0,94.0,9.0,15.0,640.0,10.0,101.0,400.0
913,2562,7,0,94.0,1.0,9.0,885.0,11.0,101.0,550.0
914,2562,5,4,36.0,7.0,7.0,400.0,13.0,101.0,400.0
915,2562,9,17,72.0,10.0,2.0,632.0,13.0,101.0,740.0
916,2562,16,3,36.0,7.0,1.0,450.0,13.0,101.0,410.0
917,2562,4,0,31.0,10.0,4.0,450.0,20.0,101.0,400.0
918,2562,38,0,19.0,10.0,6.0,550.0,6.5,101.0,750.0
919,2562,11,0,19.0,10.0,10.0,550.0,6.5,101.0,750.0
920,2562,1,0,19.0,10.0,11.0,550.0,6.5,101.0,750.0
921,2562,0,0,19.0,10.0,1.0,550.0,6.5,101.0,750.0
922,2562,24,0,19.0,10.0,12.0,550.0,6.5,101.0,750.0
923,2562,21,0,19.0,10.0,9.0,550.0,6.5,101.0,750.0
924,2562,71,0,91.0,4.0,2.0,650.0,9.0,101.0,520.0
925,2562,49,70,30.0,1.0,14.0,650.0,14.0,101.0,450.0
926,2562,30,0,30.0,3.0,3.0,650.0,13.0,101.0,500.0
927,2562,73,0,30.0,3.0,2.0,700.0,15.0,101.0,600.0
928,2562,21,96,30.0,10.0,4.0,420.0,30.0,101.0,430.0
929,2562,125,142,30.0,1.0,6.0,650.0,15.0,101.0,450.0
930,2562,25,0,30.0,25.0,4.0,800.0,10.0,101.0,700.0
931,2562,38,0,30.0,3.0,4.0,500.0,14.0,101.0,600.0
932,2562,9,0,30.0,3.0,6.0,600.0,13.0,101.0,500.0
933,2562,14,62,30.0,16.0,7.0,600.0,16.0,101.0,400.0
934,2562,21,66,30.0,16.0,9.0,750.0,16.0,101.0,400.0
935,2562,20,17,40.0,22.0,1.0,910.0,8.0,101.0,400.0
936,2562,22,31,40.0,22.0,3.0,860.0,8.0,101.0,380.0
937,2562,17,2,40.0,23.0,1.0,400.0,15.0,101.0,350.0
938,2562,8,4,40.0,23.0,3.0,400.0,13.0,101.0,380.0
939,2562,12,0,40.0,9.0,5.0,1200.0,18.0,101.0,400.0
940,2562,32,0,40.0,9.0,5.0,1200.0,18.0,101.0,400.0
941,2562,28,0,91.0,1.0,12.0,850.0,12.0,101.0,500.0
942,2562,26,0,93.0,10.0,1.0,550.0,11.0,101.0,500.0
943,2562,13,0,93.0,9.0,1.0,600.0,10.0,101.0,440.0
944,2562,202,0,95.0,1.0,2.0,500.0,25.0,101.0,500.0
945,2562,75,0,36.0,8.0,4.0,400.0,18.0,101.0,450.0
946,2562,116,14,35.0,3.0,3.0,150.0,18.0,101.0,350.0
947,2562,63,33,32.0,12.0,3.0,1200.0,13.0,101.0,400.0
948,2562,14,14,32.0,12.0,6.0,930.0,13.0,101.0,420.0
949,2562,3,65,32.0,12.0,2.0,880.0,13.0,101.0,390.0
950,2562,28,4,35.0,3.0,5.0,150.0,15.0,101.0,350.0
951,2562,0,0,73.0,6.0,8.0,603.0,6.0,101.0,925.0
952,2562,34,0,41.0,1.0,6.0,200.0,20.0,101.0,456.0
953,2562,44,0,41.0,1.0,6.0,200.0,20.0,101.0,456.0
954,2562,4,1,41.0,1.0,8.0,200.0,20.0,101.0,500.0
955,2562,12,0,47.0,1.0,20.0,700.0,10.0,101.0,420.0
956,2562,0,0,73.0,4.0,1.0,735.0,8.1,101.0,900.0
957,2562,11,58,32.0,12.0,5.0,1000.0,13.0,101.0,390.0
958,2562,6,0,46.0,6.0,2.0,550.0,17.0,101.0,410.0
959,2562,10,0,46.0,6.0,3.0,1300.0,16.0,101.0,460.0
960,2562,28,2,46.0,6.0,6.0,872.0,14.0,101.0,440.0
961,2562,29,16,36.0,7.0,4.0,350.0,13.0,101.0,400.0
962,2562,8,15,36.0,7.0,2.0,400.0,13.0,101.0,400.0
963,2562,24,0,12.0,3.0,2.0,1210.0,7.0,101.0,900.0
964,2562,4,0,12.0,3.0,4.0,1250.0,7.0,101.0,900.0
965,2562,5,0,55.0,9.0,4.0,1650.0,18.0,101.0,780.0
966,2562,123,0,91.0,5.0,3.0,600.0,10.0,101.0,450.0
967,2562,0,0,64.0,4.0,11.0,750.0,6.8,101.0,800.0
968,2562,7,0,64.0,8.0,1.0,250.0,18.0,101.0,800.0
969,2562,6,0,64.0,5.0,6.0,850.0,8.0,101.0,900.0
970,2562,6,0,64.0,4.0,5.0,540.0,6.3,101.0,800.0
971,2562,3,0,64.0,4.0,5.0,335.0,6.0,101.0,800.0
972,2562,0,2,34.0,14.0,6.0,944.2,15.6,101.0,368.0
973,2562,7,10,34.0,14.0,4.0,704.6,15.0,101.0,390.0
974,2562,9,0,34.0,1.0,4.0,393.5,14.25,101.0,360.0
975,2562,0,1,34.0,14.0,11.0,490.0,16.0,101.0,330.0
976,2562,10,22,34.0,4.0,3.0,1218.0,21.0,101.0,500.0
977,2562,22,0,34.0,12.0,2.0,1025.0,15.75,101.0,380.0
978,2562,132,0,95.0,6.0,9.0,1100.0,25.0,101.0,500.0
979,2562,0,0,70.0,5.0,3.0,300.0,9.5,101.0,850.0
980,2562,0,1,70.0,5.0,5.0,312.0,9.5,101.0,800.0
981,2562,92,0,90.0,14.0,4.0,700.0,15.0,101.0,700.0
982,2562,15,10,32.0,15.0,4.0,1600.0,13.0,101.0,300.0
983,2562,52,47,32.0,15.0,4.0,350.0,13.0,101.0,300.0
984,2562,12,72,32.0,5.0,8.0,550.0,12.0,101.0,400.0
985,2562,4,0,32.0,5.0,11.0,1000.0,12.0,101.0,400.0
986,2562,14,2,34.0,21.0,2.0,1000.0,15.0,101.0,420.0
987,2562,59,0,96.0,3.0,6.0,2800.0,10.0,101.0,450.0
988,2562,17,1,34.0,21.0,1.0,1000.0,15.0,101.0,420.0
989,2562,17,2,41.0,23.0,2.0,669.0,15.0,101.0,405.0
990,2562,25,1,41.0,6.0,6.0,540.0,12.0,101.0,500.0
991,2562,26,3,41.0,6.0,10.0,550.0,12.0,101.0,500.0
992,2562,9,0,41.0,11.0,9.0,302400.0,12.0,101.0,470.0
993,2562,18,5,38.0,3.0,1.0,1300.0,12.0,101.0,320.0
994,2562,8,0,38.0,3.0,7.0,1300.0,12.0,101.0,320.0
995,2562,14,0,55.0,11.0,3.0,570.0,9.0,101.0,600.0
996,2562,81,0,25.0,1.0,5.0,650.0,6.5,101.0,900.0
997,2562,9,1,34.0,14.0,3.0,571.0,16.0,101.0,420.0
998,2562,16,0,93.0,3.0,6.0,440.0,8.0,101.0,550.0
999,2562,62,0,93.0,8.0,2.0,595.0,8.0,101.0,440.0
1000,2562,12,0,93.0,5.0,12.0,650.0,10.0,101.0,690.0
1001,2562,81,0,93.0,5.0,1.0,595.0,12.0,101.0,520.0
1002,2562,62,0,93.0,10.0,4.0,680.0,8.5,101.0,475.0
1003,2562,26,0,32.0,9.0,5.0,1400.0,13.0,101.0,420.0
1004,2562,152,20,32.0,9.0,3.0,1400.0,14.0,101.0,420.0
1005,2562,3,1,32.0,5.0,11.0,1000.0,12.0,101.0,400.0
1006,2562,18,0,32.0,5.0,11.0,1000.0,11.0,101.0,400.0
1007,2562,30,0,32.0,9.0,8.0,1000.0,14.0,101.0,420.0
1008,2562,28,3,32.0,9.0,8.0,1000.0,14.0,101.0,460.0
1009,2562,64,7,32.0,9.0,8.0,1000.0,14.0,101.0,460.0
1010,2562,16,12,32.0,7.0,4.0,400.0,15.0,101.0,500.0
1011,2562,60,0,32.0,9.0,7.0,1000.0,25.0,101.0,470.0
1012,2562,61,8,32.0,10.0,13.0,700.0,17.0,101.0,450.0
1013,2562,21,0,32.0,2.0,2.0,560.0,20.0,101.0,430.0
1014,2562,17,0,32.0,2.0,3.0,670.0,14.0,101.0,410.0
1015,2562,26,0,32.0,9.0,5.0,1000.0,14.0,101.0,460.0
1016,2562,49,0,32.0,9.0,5.0,1000.0,14.0,101.0,460.0
1017,2562,10,0,19.0,4.0,6.0,300.0,6.8,101.0,660.0
1018,2562,23,0,19.0,10.0,2.0,550.0,6.5,101.0,750.0
1019,2562,17,0,49.0,1.0,5.0,1350.0,14.0,101.0,500.0
1020,2562,4,0,16.0,1.0,11.0,560.0,6.1,101.0,800.0
1021,2562,28,0,16.0,4.0,5.0,200.0,32.0,101.0,520.0
1022,2562,2,0,70.0,5.0,13.0,318.0,9.3,101.0,850.0
1023,2562,2,7,46.0,1.0,9.0,500.0,11.0,101.0,450.0
1024,2562,19,36,33.0,16.0,8.0,600.0,12.0,101.0,400.0
1025,2562,4,0,33.0,16.0,7.0,690.0,13.0,101.0,470.8
1026,2562,21,1,33.0,16.0,3.0,1000.0,13.0,101.0,420.0
1027,2562,10,31,33.0,16.0,6.0,1500.0,13.0,101.0,400.0
1028,2562,15,24,33.0,16.0,2.0,1600.0,12.4,101.0,450.0
1029,2562,12,3,33.0,16.0,4.0,1300.0,13.0,101.0,450.0
1030,2562,2,1,33.0,16.0,4.0,1200.0,13.0,101.0,450.0
1031,2562,17,0,33.0,16.0,1.0,660.0,13.0,101.0,175.56
1032,2562,2,0,33.0,10.0,4.0,500.0,13.0,101.0,550.0
1033,2562,4,0,33.0,10.0,22.0,600.0,20.0,101.0,750.0
1034,2562,21,5,33.0,5.0,17.0,850.0,14.0,101.0,463.0
1035,2562,18,4,33.0,5.0,17.0,850.0,14.0,101.0,415.0
1036,2562,32,0,33.0,5.0,17.0,850.0,14.0,101.0,425.0
1037,2562,52,0,33.0,5.0,25.0,900.0,13.0,101.0,460.0
1038,2562,3,1,33.0,5.0,9.0,900.0,14.0,101.0,428.0
1039,2562,1,0,33.0,3.0,3.0,450.0,14.5,101.0,458.0
1040,2562,31,0,33.0,3.0,4.0,500.0,14.5,101.0,600.0
1041,2562,27,3,32.0,5.0,11.0,1200.0,12.0,101.0,400.0
1042,2562,70,0,33.0,10.0,8.0,500.0,21.0,101.0,400.0
1043,2562,9,0,33.0,16.0,5.0,1500.0,12.0,101.0,360.0
1044,2562,25,35,44.0,11.0,3.0,450.0,13.0,101.0,400.0
1045,2562,58,36,44.0,11.0,3.0,450.0,13.0,101.0,400.0
1046,2562,38,19,44.0,11.0,3.0,450.0,13.0,101.0,400.0
1047,2562,41,18,44.0,11.0,5.0,450.0,13.0,101.0,400.0
1048,2562,20,9,44.0,11.0,4.0,450.0,13.0,101.0,400.0
1049,2562,20,9,44.0,11.0,4.0,450.0,50.0,101.0,400.0
1050,2562,11,6,44.0,11.0,4.0,450.0,13.0,101.0,400.0
1051,2562,29,21,44.0,11.0,8.0,450.0,13.0,101.0,400.0
1052,2562,25,3,44.0,11.0,7.0,450.0,13.0,101.0,400.0
1053,2562,4,0,31.0,10.0,10.0,540.0,13.0,101.0,450.0
1054,2562,26,0,31.0,16.0,3.0,760.0,14.5,101.0,430.0
1055,2562,3,2,31.0,10.0,10.0,450.0,14.0,101.0,430.0
1056,2562,18,0,31.0,1.0,27.0,850.0,14.0,101.0,420.0
1057,2562,11,4,38.0,3.0,2.0,1300.0,12.0,101.0,320.0
1058,2562,16,9,38.0,3.0,2.0,1300.0,12.0,101.0,320.0
1059,2562,13,8,38.0,3.0,5.0,1300.0,12.0,101.0,320.0
1060,2562,16,0,38.0,3.0,1.0,1300.0,12.0,101.0,320.0
1061,2562,18,3,38.0,3.0,3.0,1300.0,12.0,101.0,320.0
1062,2562,18,7,38.0,3.0,3.0,1300.0,12.0,101.0,320.0
1063,2562,29,0,33.0,17.0,2.0,800.0,12.0,101.0,420.0
1064,2562,127,0,33.0,14.0,6.0,450.0,14.0,101.0,460.0
1065,2562,13,0,33.0,14.0,2.0,750.0,13.0,101.0,450.0
1066,2562,30,0,33.0,15.0,3.0,1145.0,16.0,101.0,253.0
1067,2562,22,23,33.0,6.0,4.0,3200.0,12.0,101.0,400.0
1068,2562,34,0,46.0,9.0,3.0,547.0,15.0,101.0,385.0
1069,2562,40,0,77.0,4.0,4.0,1200.0,13.0,101.0,450.0
1070,2562,12,9,31.0,19.0,2.0,580.0,22.0,101.0,400.0
1071,2562,8,4,31.0,19.0,2.0,580.0,18.0,101.0,400.0
1072,2562,6,0,64.0,6.0,7.0,500.0,15.0,101.0,800.0
1073,2562,12,0,64.0,8.0,5.0,560.0,8.0,101.0,800.0
1074,2562,68,0,64.0,5.0,10.0,530.0,7.5,101.0,850.0
1075,2562,3,0,64.0,2.0,6.0,770.0,7.0,101.0,850.0
1076,2562,43,0,30.0,14.0,10.0,600.0,10.0,101.0,800.0
1077,2562,2,0,30.0,14.0,18.0,600.0,10.0,101.0,850.0
1078,2562,0,0,30.0,14.0,6.0,600.0,9.0,101.0,950.0
1079,2562,12,0,30.0,14.0,3.0,200.0,9.0,101.0,850.0
1080,2562,35,5,30.0,14.0,4.0,650.0,10.0,101.0,400.0
1081,2562,8,2,30.0,14.0,19.0,500.0,11.0,101.0,480.0
1082,2562,9,0,65.0,5.0,7.0,400.0,8.0,101.0,700.0
1083,2562,28,15,67.0,1.0,8.0,115.0,13.5,101.0,800.0
1084,2562,10,0,19.0,10.0,7.0,550.0,6.5,101.0,750.0
1085,2562,44,0,33.0,4.0,12.0,1100.0,15.0,101.0,620.0
1086,2562,35,0,33.0,18.0,1.0,3200.0,12.0,101.0,420.0
1087,2562,17,0,33.0,18.0,1.0,3200.0,12.0,101.0,420.0
1088,2562,66,0,33.0,3.0,4.0,1050.0,15.5,101.0,650.0
1089,2562,44,16,33.0,3.0,6.0,1100.0,15.5,101.0,600.0
1090,2562,1,0,66.0,6.0,2.0,420.0,6.8,101.0,750.0
1091,2562,1,0,58.0,1.0,5.0,3200.0,10.0,101.0,550.0
1092,2562,16,0,25.0,2.0,11.0,380.0,9.0,101.0,400.0
1093,2562,23,0,25.0,2.0,5.0,543.0,10.0,101.0,450.0
1094,2562,18,0,25.0,2.0,3.0,1450.0,7.8,101.0,450.0
1095,2562,2,1,56.0,6.0,4.0,1350.0,20.0,101.0,900.0
1096,2562,78,0,91.0,5.0,5.0,600.0,10.0,101.0,450.0
1097,2562,3,4,36.0,7.0,5.0,300.0,13.0,101.0,460.0
1098,2562,2,1,36.0,7.0,2.0,440.0,13.0,101.0,440.0
1099,2562,38,9,36.0,7.0,4.0,400.0,13.0,101.0,400.0
1100,2562,21,1,36.0,7.0,1.0,520.0,13.0,101.0,440.0
1101,2562,21,0,36.0,8.0,4.0,400.0,18.0,101.0,400.0
1102,2562,21,31,36.0,12.0,2.0,650.0,13.0,101.0,440.0
1103,2562,68,0,93.0,5.0,9.0,1290.0,10.0,101.0,500.0
1104,2562,127,0,93.0,5.0,10.0,700.0,10.0,101.0,480.0
1105,2562,23,67,30.0,24.0,5.0,650.0,14.0,101.0,450.0
1106,2562,33,30,30.0,24.0,4.0,650.0,14.0,101.0,450.0
1107,2562,2,0,30.0,14.0,1.0,550.0,10.0,101.0,900.0
1108,2562,10,19,30.0,29.0,4.0,755.0,18.0,101.0,400.0
1109,2562,7,27,30.0,29.0,4.0,705.0,18.0,101.0,400.0
1110,2562,3,9,30.0,29.0,4.0,755.0,18.0,101.0,400.0
1111,2562,14,16,30.0,29.0,1.0,685.0,18.0,101.0,400.0
1112,2562,30,20,30.0,29.0,3.0,665.0,18.0,101.0,400.0
1113,2562,27,42,30.0,9.0,9.0,600.0,14.0,101.0,450.0
1114,2562,53,63,30.0,9.0,1.0,650.0,14.0,101.0,450.0
1115,2562,22,26,30.0,9.0,14.0,650.0,14.0,101.0,450.0
1116,2562,28,34,30.0,9.0,6.0,700.0,14.0,101.0,450.0
1117,2562,78,73,30.0,9.0,4.0,335.0,14.0,101.0,450.0
1118,2562,28,29,30.0,9.0,8.0,650.0,14.0,101.0,450.0
1119,2562,51,23,30.0,6.0,11.0,700.0,14.0,101.0,450.0
1120,2562,0,4,30.0,7.0,3.0,650.0,14.0,101.0,450.0
1121,2562,0,3,30.0,7.0,3.0,750.0,14.0,101.0,450.0
1122,2562,0,0,30.0,7.0,5.0,750.0,50.0,101.0,440.0
1123,2562,1,13,30.0,7.0,3.0,800.0,14.0,101.0,450.0
1124,2562,1,0,30.0,15.0,3.0,600.0,14.0,101.0,450.0
1125,2562,42,72,30.0,16.0,1.0,700.0,14.0,101.0,450.0
1126,2562,0,0,94.0,3.0,5.0,1000.0,12.0,101.0,550.0
1127,2562,1,0,94.0,3.0,4.0,730.0,8.0,101.0,405.0
1128,2562,2,0,94.0,9.0,3.0,680.0,10.0,101.0,450.0
1129,2562,11,39,30.0,32.0,4.0,700.0,14.0,101.0,450.0
1130,2562,56,49,30.0,1.0,14.0,600.0,12.0,101.0,450.0
1131,2562,71,49,30.0,13.0,3.0,2036.0,16.08,101.0,450.0
1132,2562,23,12,30.0,13.0,3.0,2036.0,16.8,101.0,450.0
1133,2562,43,72,30.0,8.0,7.0,750.0,14.0,101.0,450.0
1134,2562,28,0,30.0,3.0,4.0,600.0,13.0,101.0,500.0
1135,2562,35,97,30.0,26.0,2.0,600.0,14.0,101.0,460.0
1136,2562,12,21,30.0,29.0,2.0,713.0,18.0,101.0,400.0
1137,2562,9,26,30.0,29.0,2.0,710.0,18.0,101.0,400.0
1138,2562,33,0,32.0,2.0,1.0,1300.0,14.0,101.0,410.0
1139,2562,5,0,32.0,2.0,1.0,1160.0,14.0,101.0,400.0
1140,2562,1,0,32.0,2.0,6.0,684.0,14.0,101.0,400.0
1141,2562,43,0,32.0,2.0,9.0,980.0,15.0,101.0,410.0
1142,2562,3,0,32.0,12.0,9.0,1150.0,13.0,101.0,400.0
1143,2562,4,14,32.0,12.0,6.0,1150.0,13.0,101.0,400.0
1144,2562,5,60,32.0,12.0,2.0,1050.0,13.0,101.0,390.0
1145,2562,2,4,32.0,12.0,2.0,1150.0,13.0,101.0,400.0
1146,2562,32,0,32.0,9.0,6.0,1000.0,14.0,101.0,460.0
1147,2562,100,0,32.0,9.0,6.0,1000.0,15.0,101.0,460.0
1148,2562,14,0,32.0,9.0,12.0,1000.0,14.0,101.0,460.0
1149,2562,31,5,32.0,9.0,3.0,1400.0,14.0,101.0,460.0
1150,2562,26,0,32.0,9.0,14.0,1350.0,14.0,101.0,460.0
1151,2562,19,0,32.0,9.0,3.0,1350.0,14.0,101.0,460.0
1152,2562,38,0,32.0,9.0,3.0,1100.0,15.0,101.0,460.0
1153,2562,41,0,32.0,7.0,1.0,1250.0,15.0,101.0,400.0
1154,2562,102,19,32.0,7.0,9.0,1100.0,13.0,101.0,420.0
1155,2562,14,0,33.0,4.0,14.0,650.0,15.0,101.0,400.0
1156,2562,52,21,49.0,6.0,2.0,400.0,20.0,101.0,400.0
1157,2562,13,12,30.0,18.0,8.0,800.0,14.0,101.0,450.0
1158,2562,57,18,34.0,14.0,10.0,1390.0,15.0,101.0,370.0
1159,2562,50,4,34.0,14.0,5.0,3000.0,15.0,101.0,420.0
1160,2562,2,8,34.0,21.0,3.0,700.0,15.0,101.0,420.0
1161,2562,4,29,34.0,21.0,3.0,800.0,15.0,101.0,420.0
1162,2562,19,9,34.0,21.0,4.0,1250.0,15.0,101.0,420.0
1163,2562,32,0,34.0,26.0,2.0,410.0,16.0,101.0,500.0
1164,2562,24,5,34.0,21.0,4.0,1250.0,15.0,101.0,420.0
1165,2562,29,16,34.0,21.0,4.0,600.0,15.0,101.0,420.0
1166,2562,18,0,33.0,18.0,3.0,6000.0,12.0,101.0,420.0
1167,2562,21,0,44.0,2.0,2.0,600.0,16.0,101.0,250.0
1168,2562,42,19,44.0,11.0,3.0,650.0,13.0,101.0,400.0
1169,2562,39,0,33.0,5.0,22.0,805.0,14.0,101.0,428.0
1170,2562,35,0,33.0,5.0,11.0,904.0,14.0,101.0,438.0
1171,2562,20,0,33.0,5.0,21.0,790.0,13.0,101.0,420.0
1172,2562,12,0,33.0,5.0,8.0,875.0,12.0,101.0,485.0
1173,2562,13,0,33.0,5.0,15.0,863.0,14.0,101.0,487.0
1174,2562,23,0,33.0,5.0,5.0,1267.0,14.0,101.0,383.0
1175,2562,36,0,33.0,5.0,17.0,1086.0,14.0,101.0,454.0
1176,2562,31,0,33.0,5.0,18.0,1015.0,14.0,101.0,438.0
1177,2562,1,0,33.0,15.0,2.0,1145.0,16.0,101.0,275.0
1178,2562,3,0,33.0,3.0,3.0,580.0,14.5,101.0,420.0
1179,2562,24,0,33.0,19.0,2.0,1500.0,22.0,101.0,450.0
1180,2562,2,0,33.0,16.0,8.0,1500.0,13.0,101.0,400.0
1181,2562,27,2,33.0,16.0,2.0,1500.0,12.4,101.0,450.0
1182,2562,0,0,33.0,15.0,4.0,1145.0,16.0,101.0,480.0
1183,2562,25,0,33.0,5.0,5.0,1037.0,13.0,101.0,345.0
1184,2562,0,0,33.0,1.0,27.0,1000.0,12.0,101.0,440.0
1185,2562,4,0,33.0,1.0,19.0,1550.0,12.0,101.0,450.0
1186,2562,0,0,33.0,16.0,8.0,1500.0,13.9,101.0,400.0
1187,2562,0,2,32.0,5.0,8.0,800.0,11.0,101.0,400.0
1188,2562,5,0,33.0,16.0,1.0,645.0,13.0,101.0,132.0
1189,2563,1,0,64.0,7.0,12.0,1400.0,6.5,101.0,800.0
1190,2563,0,0,51.0,6.0,2.0,600.0,14.0,101.0,760.0
1191,2563,1,0,33.0,10.0,25.0,1150.0,20.0,101.0,550.0
1192,2563,0,0,30.0,16.0,6.0,650.0,17.0,101.0,400.0
1193,2563,18,0,50.0,14.0,12.0,1600.0,11.5,101.0,820.0
1194,2563,0,1,33.0,5.0,1.0,500.0,15.0,101.0,456.0
1195,2563,0,3,33.0,14.0,7.0,750.0,13.0,101.0,430.0
1196,2563,0,0,33.0,5.0,13.0,950.0,16.0,101.0,500.0
1197,2563,5,0,33.0,5.0,2.0,900.0,16.0,101.0,500.0
1198,2563,3,0,33.0,5.0,13.0,900.0,16.0,101.0,500.0
1199,2563,0,0,33.0,18.0,2.0,2400.0,13.0,101.0,480.0
1200,2563,0,0,33.0,14.0,5.0,750.0,13.0,101.0,430.0
1201,2563,0,0,33.0,19.0,5.0,1600.0,18.0,101.0,450.0
1202,2563,0,0,33.0,18.0,3.0,2400.0,20.0,101.0,500.0
1203,2563,0,0,33.0,18.0,1.0,2400.0,13.0,101.0,450.0
1204,2563,0,0,31.0,12.0,2.0,950.0,15.0,101.0,500.0
1205,2563,5,0,31.0,12.0,4.0,850.0,15.0,101.0,500.0
1206,2563,0,0,30.0,16.0,9.0,750.0,17.0,101.0,400.0
1207,2563,39,0,95.0,1.0,2.0,700.0,20.0,101.0,450.0
1208,2563,0,0,41.0,1.0,8.0,200.0,20.0,101.0,500.0
1209,2563,0,0,46.0,6.0,2.0,872.0,14.0,101.0,440.0
1210,2563,0,0,46.0,6.0,1.0,872.0,14.0,101.0,440.0
1211,2563,0,0,46.0,6.0,3.0,1300.0,16.0,101.0,460.0
1212,2563,0,0,46.0,6.0,6.0,872.0,14.0,101.0,440.0
1213,2563,0,0,20.0,11.0,2.0,822.0,10.0,101.0,600.0
1214,2563,0,0,64.0,5.0,10.0,720.0,16.0,101.0,820.0
1215,2563,1,0,64.0,4.0,5.0,500.0,6.8,101.0,800.0
1216,2563,5,0,95.0,6.0,9.0,700.0,18.0,101.0,420.0
1217,2563,0,0,70.0,5.0,3.0,260.0,9.5,101.0,850.0
1218,2563,0,0,55.0,11.0,3.0,570.0,9.0,101.0,630.0
1219,2563,0,0,49.0,1.0,5.0,1350.0,12.0,101.0,500.0
1220,2563,0,0,33.0,10.0,22.0,700.0,20.0,101.0,750.0
1221,2563,0,3,33.0,5.0,17.0,750.0,14.0,101.0,460.0
1222,2563,0,4,33.0,5.0,17.0,900.0,14.0,101.0,455.0
1223,2563,0,0,33.0,5.0,17.0,600.0,13.0,101.0,450.0
1224,2563,0,23,33.0,5.0,25.0,750.0,14.0,101.0,418.0
1225,2563,0,3,33.0,5.0,9.0,826.0,13.0,101.0,425.0
1226,2563,0,0,33.0,3.0,3.0,150.0,15.0,101.0,490.0
1227,2563,0,0,33.0,8.0,10.0,150.0,15.0,101.0,420.0
1228,2563,0,12,33.0,17.0,2.0,500.0,12.0,101.0,420.0
1229,2563,1,0,77.0,4.0,4.0,1100.0,15.0,101.0,480.0
1230,2563,0,0,16.0,5.0,8.0,600.0,8.3,101.0,850.0
1231,2563,1,0,33.0,18.0,1.0,2400.0,13.0,101.0,450.0
1232,2563,0,0,33.0,18.0,1.0,2400.0,13.0,101.0,450.0
1233,2563,2,0,34.0,5.0,10.0,998.5,12.0,101.0,227.0
1234,2563,0,0,34.0,14.0,11.0,1800.0,15.0,101.0,370.0
1235,2563,0,0,33.0,18.0,3.0,2400.0,13.0,101.0,420.0
1236,2563,0,0,33.0,5.0,22.0,846.0,13.0,101.0,407.0
1237,2563,0,5,33.0,5.0,11.0,947.0,13.0,101.0,429.0
1238,2563,0,0,33.0,5.0,21.0,845.0,12.0,101.0,458.0
1239,2563,0,17,33.0,5.0,8.0,931.0,12.0,101.0,414.0
1240,2563,0,24,33.0,5.0,15.0,921.0,14.0,101.0,432.0
1241,2563,0,28,33.0,5.0,5.0,850.0,12.0,101.0,383.0
1242,2563,0,2,33.0,5.0,17.0,1120.0,14.0,101.0,455.0
1243,2563,1,8,33.0,5.0,18.0,1050.0,14.0,101.0,406.0
1244,2563,0,7,33.0,5.0,7.0,1144.0,14.0,101.0,447.0
1245,2563,0,0,33.0,14.0,3.0,600.0,12.0,101.0,440.0
1246,2563,0,0,33.0,14.0,1.0,750.0,13.0,101.0,440.0
1247,2563,0,0,33.0,3.0,20.0,820.0,15.0,101.0,465.0
1248,2563,0,0,33.0,3.0,20.0,820.0,15.0,101.0,465.0
1249,2563,0,16,33.0,5.0,5.0,1072.0,14.0,101.0,451.0
1250,2563,0,0,33.0,1.0,11.0,1600.0,13.0,101.0,450.0
1251,2563,0,0,33.0,14.0,1.0,800.0,12.0,101.0,440.0
1252,2563,0,0,33.0,14.0,4.0,400.0,12.0,101.0,440.0
1253,2563,0,0,33.0,14.0,5.0,400.0,12.0,101.0,440.0
1254,2563,0,0,33.0,14.0,5.0,400.0,12.0,101.0,440.0
1255,2838,0,0,34.0,14.0,6.0,944.2,15.6,101.0,368.0
